"Name","SWF","ExportName","ParticleEmitter","CameraShake","CameraShakeTimeMS","AttachToParent","DetachAfterStart","DestroyWhenParentDies","Looping","IsoLayer","Targeted","MaxCount","Sound","Volume","MinPitch","MaxPitch","LowEndSound","LowEndVolume","LowEndMinPitch","LowEndMaxPitch","Beam","SortInFrontOfParent"
"String","String","String","String","int","int","boolean","boolean","boolean","boolean","String","boolean","int","String","int","int","int","String","int","int","int","boolean","boolean"
"Collect Gold",,,"Collect Gold",,,,,,,"top",,,"sfx/coins_collect_01.wav",70,100,100,"sfx/coins_collect_01.wav",70,100,100,,
"Collect Elixir",,,"Collect Elixir",,,,,,,"top",,,"sfx/elixir_collect_02.wav",70,100,100,"sfx/elixir_collect_02.wav",70,100,100,,
"Collect Diamonds",,,"Collect Diamonds",,,,,,,"top",,,"sfx/collect_diamonds_01.wav",70,100,100,"sfx/collect_diamonds_01.wav",60,100,100,,
"Steal Gold",,,"Steal Gold",,,,,,,"top",,,"sfx/coin_steal_02.wav",70,100,100,"sfx/coin_steal_02.wav",60,100,100,,
"Steal Elixir",,,"Steal Elixir",,,,,,,"top",,,"sfx/elixir_steal_03.wav",60,100,100,"sfx/elixir_steal_03.wav",60,100,100,,
"XP Gain",,,"XP Gain",,,,,,,"top",,,"sfx/xp_gain_06.wav",80,100,100,"sfx/xp_gain_06.wav",70,100,100,,
"Alliance",,,,,,,,,,,,,"sfx/alliance_jingle_v2.wav",90,75,75,"sfx/xp_gain_06.wav",80,100,100,,
"Building Ready",,,"Building Ready",,,,,,,"top",,,"sfx/building_finished_01.wav",80,100,100,"sfx/xp_gain_06.wav",80,100,100,,
"Building Destroyed",,,"Building Destroyed",,,,,,,"objects",,,"sfx/building_destroyed_01.wav",80,85,95,"sfx/building_destroyed_01.wav",80,85,95,,
,,,"Smoke",,,,,,,,,,,,,,,,,,,
,,,"Grass",,,,,,,,,,,,,,,,,,,
"Elixir Storage Destroyed",,,"Elixir Storage Destroyed",,,,,,,"objects",,,"sfx/building_destroyed_01.wav",80,85,95,"sfx/building_destroyed_01.wav",80,85,95,,
,,,"Smoke",,,,,,,,,,,,,,,,,,,
,,,"Grass",,,,,,,,,,,,,,,,,,,
"Start Building",,,"Smoke",,,"TRUE",,,,"top",,,"sfx/building_construct_07.wav",80,75,75,"sfx/building_construct_07.wav",80,75,75,,
"NoRoomForTroop",,,,,,,,,,,,,,,,,,,,,,
"TrainingFinished",,,"Dust",,,"TRUE",,,,"top",,,"sfx/training_finished_03.wav",80,100,100,"sfx/training_finished_03.wav",80,100,100,,
"Sell Item",,,,,,,,,,,,,"sfx/sell_item_01.wav",60,100,100,"sfx/sell_item_01.wav",50,100,100,,
"Moving",,,,,,,,,,,,,"sfx/moving_07.wav",50,110,115,"sfx/moving_07.wav",40,110,115,,
"Illegal Position",,,,,,,,,,,,,"sfx/bad_move_06.wav",60,100,100,"sfx/bad_move_06.wav",40,100,100,,
"Clear Tombstone",,,"Grass",,,,,,,"objects",,,"sfx/clear_tombstone_01.wav",70,100,100,,,,,,
,,,"Dust2",,,,,,,"objects",,,,,,,,,,,,
"Generic Pick Up",,,,,,,,,,,,,"sfx/wall_pickup_01.wav",50,100,100,"sfx/wall_pickup_01.wav",40,100,100,,
"Generic Placing",,,"Place",,,"TRUE",,,,"top",,,"sfx/cannon_drop2.wav",50,100,100,"sfx/cannon_drop2.wav",40,100,100,,
"Generic Hit",,,"DefenceHit",,,,,,,"objects",,,"sfx/generic_hit_01.wav",30,95,105,"sfx/barbarian_hit_stuff.wav",30,105,115,,
"Trap Eject",,,"Trap",50,500,,,,,"objects",,,"sfx/trap_eject_01v2.wav",80,100,100,"sfx/trap_eject_01v2.wav",70,100,100,,
,,,"Grass",,,,,,,"objects",,,,,,,,,,,,
,,,"Grass",,,,,,,"objects",,,,,,,,,,,,
"exBomb Exposion",,,"Smoke",50,500,,,,,"objects",,,"sfx/explosion_02.wav",60,100,100,"sfx/explosion_02.wav",60,100,100,,
,,,"Grass",,,,,,,"objects",,,,,,,,,,,,
,,,"Ring",,,,,,,"objects",,,,,,,,,,,,
"IsoTestFX",,,"IsoTestFX",,,,,,,"objects",,,"sfx/explosion_02.wav",80,100,100,"sfx/explosion_02.wav",60,100,100,,
"Barbarian Deploy",,,"Deploy",,,,,,,"objects",,,"sfx/barb_deploy_11.wav",40,100,100,"sfx/gob_attack_01.wav",40,100,100,,
,,,,,,,,,,"objects",,,"sfx/barb_deploy_11v2.wav",40,100,100,,,,,,
,,,,,,,,,,"objects",,,"sfx/barb_deploy_11v3.wav",40,100,100,,,,,,
"Archer Deploy",,,"Deploy",,,,,,,"objects",,,"sfx/archer_deploy_09.wav",70,100,100,"sfx/gob_attack_01.wav",40,100,100,,
,,,,,,,,,,,,,"sfx/archer_deploy_09v2.wav",70,100,100,,,,,,
,,,,,,,,,,,,,"sfx/archer_deploy_09v3.wav",70,100,100,,,,,,
"Giant Deploy",,,"Deploy",20,200,,,,,"objects",,,"sfx/giant_deploy_04.wav",80,100,100,"sfx/gob_attack_01.wav",40,75,75,,
,,,"Grass",,,,,,,"objects",,,"sfx/giant_deploy_04v2.wav",80,100,100,,,,,,
,,,"Place",,,,,,,"objects",,,"sfx/giant_deploy_04v3.wav",80,100,100,,,,,,
"Dragon Deploy",,,,,,,,,,,,,"sfx/dragon_deploy_01.wav",90,100,100,"sfx/gob_attack_01.wav",40,75,75,,
"Goblin Deploy",,,"Deploy",,,,,,,"objects",,,"sfx/goblin_deploy_14.wav",70,100,100,"sfx/gob_attack_01.wav",40,100,100,,
,,,,,,,,,,,,,"sfx/goblin_deploy_14v2.wav",70,100,100,,,,,,
,,,,,,,,,,,,,"sfx/goblin_deploy_14v3.wav",70,100,100,,,,,,
"Wall Breaker Deploy",,,"Deploy",,,,,,,,,,"sfx/deploy_skeleton_07.wav",80,100,100,"sfx/gob_attack_01.wav",40,100,100,,
,,,,,,,,,,,,,"sfx/deploy_skeleton_07v2.wav",80,100,100,,,,,,
,,,,,,,,,,,,,"sfx/deploy_skeleton_07v3.wav",80,100,100,,,,,,
"Balloon Goblin Deploy",,,,,,,,,,,,,"sfx/balloon_deploy_02.wav",80,100,100,"sfx/gob_attack_01.wav",40,80,80,,
"Healer Deploy",,,,,,,,,,,,,"sfx/healer_deploy_01.wav",80,100,100,"sfx/gob_attack_01.wav",40,100,100,,
"Wizard Deploy",,,"Deploy",,,,,,,"objects",,,"sfx/mage_deploy_06.wav",65,100,100,"sfx/gob_attack_01.wav",40,100,100,,
"Gargoyle Deploy",,,,,,,,,,,,,"sfx/garg_deploy_02.wav",70,90,110,"sfx/gob_attack_01.wav",40,100,100,,
"BoarRider Deploy",,,"Deploy",20,200,,,,,"objects",,,"sfx/boarrider_deploy_01.wav",80,90,100,"sfx/gob_attack_01.wav",40,100,100,,
,,,,,,,,,,,,,"sfx/boarrider_deploy_02.wav",80,90,100,,,,,,
"WarriorGirl Deploy",,,"Deploy",,,,,,,"objects",,,"sfx/warriorgirldeploy_01.wav",60,95,100,"sfx/gob_attack_01.wav",40,100,100,,
,,,,,,,,,,,,,"sfx/warriorgirldeploy_02.wav",60,95,100,,,,,,
"Barbarian Attack",,,,,,,,,,,,,"sfx/barbarian_sword_swing_hit_14.wav",40,90,110,"sfx/barbarian_sword_swing_hit_14.wav",40,90,110,,
,,,,,,,,,,,,,"sfx/barbarian_sword_swing_hit_14v3.wav",40,90,110,,,,,,
,,,,,,,,,,,,,"sfx/barbarian_sword_swing_hit_14v2.wav",40,90,110,,,,,,
"Archer Attack",,,,,,,,,,,,,"sfx/arrow_hit_07.wav",50,90,110,"sfx/arrow_hit_07.wav",50,90,110,,
,,,,,,,,,,,,,"sfx/arrow_hit_07v2.wav",50,90,110,,,,,,
,,,,,,,,,,,,,"sfx/arrow_hit_07v3.wav",50,90,110,,,,,,
"Giant Attack",,,,,,,,,,,,,"sfx/giant_attack_06.wav",70,90,110,"sfx/giant_attack_06.wav",70,90,110,,
,,,,,,,,,,,,,"sfx/giant_attack_05.wav",70,90,110,,,,,,
"Dragon Attack",,,"dragonFire",,,"TRUE","TRUE",,,"top",,,"sfx/dragon_attack_01.wav",70,95,105,"sfx/dragon_attack_01.wav",60,95,105,,
,,,"dragonFireAdd",,,"TRUE","TRUE",,,,,,,,,,,,,,,
,,,"dragonSpark",,,"TRUE","TRUE",,,,,,,,,,,,,,,
,,,"dragonFireAddStart",,,"TRUE","TRUE",,,,,,,,,,,,,,,
"Goblin Attack",,,,,,,,,,,,,"sfx/gob_attack_01.wav",50,90,110,"sfx/gob_attack_01.wav",50,90,110,,
,,,,,,,,,,,,,"sfx/gob_attack_02.wav",40,90,110,,,,,,
,,,,,,,,,,,,,"sfx/gob_attack_03.wav",45,90,110,,,,,,
"Wall Breaker Attack",,,,,,,,,,,,,"sfx/wall_breaker_attack_01.wav",70,95,105,"sfx/wall_breaker_attack_01.wav",80,95,105,,
,,,,,,,,,,,,,,,,,,,,,,
,,,,,,,,,,,,,,,,,,,,,,
"Balloon Goblin Attack",,,,,,,,,,,,,"sfx/cannon_fire3.wav",70,90,110,"sfx/mortar_hit_01.wav",40,150,150,,
,,,,,,,,,,,,,,,,,,,,,,
,,,,,,,,,,,,,,,,,,,,,,
"Healer Attack",,,"Wizard_Tower_lightFlash",,,,,,,"objects",,,"sfx/healer_attack_01.wav",20,95,105,"sfx/healer_attack_01.wav",15,95,105,,
"Wizard Attack",,,"Dust",,,"TRUE",,,,"objects",,,"sfx/mage_attack_02.wav",50,90,100,"sfx/mage_attack_02.wav",50,90,100,,
,,,"Wizard_Tower_lightFlash",,,,,,,,,,"sfx/mage_attack_02v2.wav",40,100,110,,,,,,
,,,,,,,,,,,,,"sfx/mage_attack_02v3.wav",50,90,100,,,,,,
"Wizard Attack2",,,"Wizard_attack2",,,"TRUE",,,,"objects","TRUE",,"sfx/mage_attack_02.wav",50,90,100,"sfx/mage_attack_02.wav",50,90,100,,
,,,,,,,,,,,,,"sfx/mage_attack_02v2.wav",50,100,110,,,,,,
,,,,,,,,,,,,,"sfx/mage_attack_02v3.wav",40,90,100,,,,,,
"Wizard Attack3",,,"Wizard_attack6",,,"TRUE",,,,"objects","TRUE",,"sfx/mage_attack_02.wav",50,90,100,"sfx/mage_attack_02.wav",40,90,100,,
"Gargoyle Attack",,,"Gargoyle_spit",,,"TRUE",,,,"objects",,8,"sfx/garg_attack_01.wav",70,90,110,"sfx/gob_attack_01.wav",60,90,110,,
"BoarRider Attack",,,,,,,,,,,,,"sfx/boarrider_attack_01.wav",70,95,105,"sfx/giant_attack_06.wav",70,90,110,,
,,,,,,,,,,,,,"sfx/boarrider_attack_02.wav",70,95,105,,,,,,
"WarriorGirl Attack",,,"MegaGrass",,,"TRUE",,,,"objects",,,"sfx/warriorgirlattack_01.wav",50,95,105,"sfx/barbarian_sword_swing_hit_14.wav",50,75,85,,
,,,,,,,,,,,,,"sfx/warriorgirlattack_02.wav",50,95,105,,,,,,
,,,,,,,,,,,,,"sfx/warriorgirlattack_03.wav",50,95,105,,,,,,
,,,,,,,,,,,,,"sfx/warriorgirlattack_04.wav",50,95,105,,,,,,
,,,,,,,,,,,,,"sfx/warriorgirlattack_05.wav",50,95,105,,,,,,
,,,,,,,,,,,,,"sfx/warriorgirlattack_06.wav",50,95,105,,,,,,
"WarriorGirl Attack2",,,"MegaGrass",,,"TRUE",,,,"objects",,,"sfx/warriorgirlattack_01.wav",50,95,105,"sfx/barbarian_sword_swing_hit_14.wav",50,75,90,,
,,,"Wizard_Tower_lightFlash",,,,,,,,,,"sfx/warriorgirlattack_02.wav",50,95,105,,,,,,
,,,"Fire_ballsBig",,,,,,,,,,"sfx/warriorgirlattack_03.wav",50,95,105,,,,,,
,,,"Wizard_Tower_lightFlash2",,,,,,,,,,"sfx/warriorgirlattack_04.wav",50,95,105,,,,,,
,,,,,,,,,,,,,"sfx/warriorgirlattack_05.wav",50,95,105,,,,,,
,,,,,,,,,,,,,"sfx/warriorgirlattack_06.wav",50,95,105,,,,,,
"Barbarian Hit",,,"Hit",,,"TRUE",,,,"objects",,,"sfx/barbarian_hit_stuff2.wav",40,90,110,"sfx/barbarian_hit_stuff2.wav",40,90,110,,
,,,,,,,,,,,,,"sfx/barbarian_hit_stuff3.wav",35,90,110,,,,,,
,,,,,,,,,,,,,"sfx/barbarian_hit_stuff4.wav",30,90,110,,,,,,
"Archer Hit",,,"Hit",,,"FALSE",,,,"objects",,,"sfx/arrow_hit_12.wav",50,90,110,"sfx/arrow_hit_12.wav",60,90,110,,
"Giant Hit",,,"Hit",,,"TRUE",,,,"objects",,,"sfx/giant_attack_hit_01.wav",60,90,110,"sfx/giant_attack_hit_01.wav",60,90,110,,
,,,"Cannon",,,"TRUE",,,,"objects",,,"sfx/giant_attack_hit_02.wav",60,90,110,,,,,,
"Dragon Hit",,,,,,,,,,,,,,,,,,,,,,
"Goblin Hit",,,,,,,,,,,,,,,,,,,,,,
"Wall Breaker Hit",,,"Stone",50,500,,,,,"objects",,,"sfx/cannon_fire3.wav",60,90,110,"sfx/mortar_hit_01.wav",50,120,130,,
,,,"Grass",,,,,,,"objects",,,,,,,,,,,,
,,,"Explosion_3",,,,,,,"objects",,,,,,,,,,,,
,,,"Fire_balls",,,,,,,,,,,,,,,,,,,
,,,"Smoke",,,,,,,,,,,,,,,,,,,
"Balloon Goblin Hit",,,"Wizard_Tower_lightFlash",50,500,,,,,"top",,,"sfx/balloon_hit_01.wav",80,95,105,"sfx/balloon_hit_01.wav",70,95,105,,
,,,"Ring",,,,,,,,,,,,,,,,,,,
,,,"Grass",,,,,,,"objects",,,,,,,,,,,,
,,,"Stone",,,,,,,,,,,,,,,,,,,
,,,"Explosion_3",,,,,,,"objects",,,,,,,,,,,,
"Healer Hit",,,"healer_lightrays",,,,,,,"ground",,,"sfx/healer_hit_02.wav",40,95,105,"sfx/healer_hit_01.wav",40,95,105,,
,,,"Wizard_Tower_lightFlash",,,,,,,,,,,,,,,,,,,
,,,"healer_rings",,,,,,,,,,,,,,,,,,,
"Wizard Hit1",,,"Hit",,,"FALSE",,,,"objects",,3,"sfx/wizard_hit_01.wav",50,80,100,"sfx/wizard_hit_01.wav",50,80,100,,
,,,"DefenceHit",,,,,,,,,,,,,,,,,,,
,,,"Fire_balls",,,,,,,,,,,,,,,,,,,
,,,"Explosion_3",,,,,,,,,,,,,,,,,,,
,,,"Wizard_Tower_lightFlash",,,,,,,,,,,,,,,,,,,
"Wizard Hit2",,,"Wizard_Tower_hit",,,"FALSE",,,,"objects",,3,"sfx/wizard_hit_01.wav",50,80,100,"sfx/wizard_hit_01.wav",50,80,100,,
,,,"Wizard_Tower_hit2",,,,,,,,,,,,,,,,,,,
,,,"Hit",,,,,,,,,,,,,,,,,,,
,,,"Fire_balls",,,,,,,,,,,,,,,,,,,
,,,"DefenceHit",,,,,,,,,,,,,,,,,,,
,,,"Explosion_3",,,,,,,,,,,,,,,,,,,
,,,"Wizard_Tower_lightFlash",,,,,,,,,,,,,,,,,,,
"Gargoyle Hit",,,"Gargoyle_hit",,,"FALSE",,,,"top",,,"sfx/balloon_hit_01.wav",30,110,130,"sfx/balloon_hit_01.wav",30,110,130,,
,,,"Gargoyle_hit2",,,,,,,,,,,,,,,,,,,
,,,"Hit",,,,,,,,,,,,,,,,,,,
"BoarRider Hit",,,"Hit",,,"TRUE",,,,"objects",,,"sfx/bow_place.wav",50,120,140,"sfx/barbarian_hit_stuff2.wav",60,90,110,,
"WarriorGirl Hit",,,"Hit",,,"TRUE",,,,"objects",,,"sfx/warriorgirl_hit_01.wav",50,90,100,"sfx/arrow_hit_12.wav",60,90,110,,
"Barbarian Die",,,"Splat",,,"TRUE",,,,"top",,,"sfx/barbarian_death_01.wav",50,90,110,"sfx/barbarian_death_01.wav",50,90,110,,
,,,,,,,,,,,,,"sfx/barbarian_death_02.wav",50,90,110,,,,,,
"Archer Die",,,"Splat",,,"TRUE",,,,"top",,,"sfx/archer_death_05.wav",30,95,105,"sfx/archer_death_05.wav",40,95,105,,
,,,,,,,,,,,,,"sfx/archer_death_05v2.wav",30,95,105,,,,,,
"Giant Die",,,"SplatBig",,,"TRUE",,,,"top",,,"sfx/giant_death_02.wav",70,90,110,"sfx/barbarian_death_01.wav",60,65,70,,
"Dragon Die",,,"SplatBig",,,"TRUE",,,,"top",,,"sfx/dragon_die_01.wav",90,95,105,"sfx/dragon_die_01.wav",60,95,105,,
"Goblin Die",,,"Splat",,,"TRUE",,,,"top",,,"sfx/goblin_death_02.wav",70,95,110,"sfx/goblin_death_02.wav",60,95,110,,
"Wall Breaker Die",,,"Splat",,,"TRUE",,,,"top",,,"sfx/wall_breaker_die_01.wav",70,95,110,"sfx/wall_breaker_die_01.wav",70,95,110,,
"Balloon Goblin Die",,,,,,"TRUE",,,,"top",,,"sfx/balloon_die_01.wav",80,95,105,"sfx/mage_attack_02.wav",70,60,75,,
"Dark Balloon Exposion",,,"Stone",50,500,,,,,"objects",,8,"sfx/cannon_fire3.wav",60,75,85,"sfx/mortar_hit_01.wav",70,140,150,,
,,,"Grass",,,,,,,"objects",,,,,,,,,,,,
,,,"Ring",,,,,,,"objects",,,,,,,,,,,,
,,,"Wizard_Tower_lightFlash",,,,,,,,,,,,,,,,,,,
,,,"Explosion_3",,,,,,,,,,,,,,,,,,,
,,,"Fire_balls",,,,,,,,,,,,,,,,,,,
,,,"Smoke",,,,,,,,,,,,,,,,,,,
,,,"Balloon_Die_wood",,,,,,,,,,,,,,,,,,,
,,,"Balloon_Die_darkBloon",,,,,,,,,,,,,,,,,,,
"Balloon Exposion",,,"Stone",50,500,,,,,"objects",,8,"sfx/cannon_fire3.wav",60,85,105,"sfx/mortar_hit_01.wav",50,110,120,,
,,,"Grass",,,,,,,"objects",,,,,,,,,,,,
,,,"Ring",,,,,,,"objects",,,,,,,,,,,,
,,,"Wizard_Tower_lightFlash",,,,,,,,,,,,,,,,,,,
,,,"Explosion_3",,,,,,,,,,,,,,,,,,,
,,,"Fire_balls",,,,,,,,,,,,,,,,,,,
,,,"Smoke",,,,,,,,,,,,,,,,,,,
,,,"Balloon_Die_wood",,,,,,,,,,,,,,,,,,,
,,,"Balloon_Die_bloon",,,,,,,,,,,,,,,,,,,
"Healer Die",,,"SplatBig",,,"TRUE",,,,"top",,,"sfx/healer_die_01.wav",80,95,105,"sfx/archer_death_05.wav",50,110,120,,
"Wizard Die",,,"Splat",,,"TRUE",,,,"top",,,"sfx/wizard_die_01.wav",50,95,105,"sfx/barbarian_death_01.wav",50,115,125,,
"Gargoyle Die",,,"Dsplat",,,"TRUE",,,,"top",,,"sfx/garg_die_01.wav",50,90,110,"sfx/wall_breaker_die_01.wav",,,,,
"BoarRider Die",,,"Dsplat",,,"TRUE",,,,"top",,,"sfx/boarrider_die_02.wav",90,95,105,"sfx/dragon_die_01.wav",80,110,120,,
"WarriorGirl Die",,,"Dsplat",,,"TRUE",,,,"top",,,"sfx/warriorgirl_die_01.wav",70,95,105,"sfx/archer_death_05.wav",60,85,95,,
"Troop Housing Pickup",,,"Grass",,,,,,,"top",,,"sfx/troop_housing_pickup_09.wav",80,100,100,"sfx/wall_pickup_01.wav",80,100,100,,
"Town Hall Pickup",,,"Grass",,,,,,,"top",,,"sfx/build_pickup_05.wav",80,100,100,"sfx/wall_pickup_01.wav",80,100,100,,
"Elixir Pump Pickup",,,"Grass",,,,,,,"top",,,"sfx/elixir_pump_pickup_07.wav",80,100,100,"sfx/wall_pickup_01.wav",80,100,100,,
"Elixir Storage Pickup",,,"Grass",,,,,,,"top",,,"sfx/elixir_storage_pickup_04.wav",80,100,100,"sfx/wall_pickup_01.wav",80,100,100,,
"Gold Mine Pickup",,,"Grass",,,,,,,"top",,,"sfx/goldmine_pickup4.wav",80,100,100,"sfx/wall_pickup_01.wav",80,100,100,,
"Gold Storage Pickup",,,"Grass",,,,,,,"top",,,"sfx/golden_haus_04.wav",80,100,100,"sfx/wall_pickup_01.wav",80,100,100,,
"Training Barrack Pickup",,,"Grass",,,,,,,"top",,,"sfx/troop_housing_pickup_06.wav",80,100,100,"sfx/wall_pickup_01.wav",80,100,100,,
"Basic Turret Pickup",,,"Grass",,,,,,,"top",,,"sfx/cannon_pickup3.wav",80,100,100,"sfx/wall_pickup_01.wav",80,100,100,,
"Tower Turret Pickup",,,"Grass",,,,,,,"top",,,"sfx/archer_tower_pick_01.wav",80,100,100,"sfx/wall_pickup_01.wav",80,100,100,,
"Weak Wall Pickup",,,"Grass",,,,,,,"top",,,"sfx/wall_pickup_01.wav",80,100,100,"sfx/wall_pickup_01.wav",80,100,100,,
"Wizard Tower Pickup",,,"Grass",,,,,,,"top",,,"sfx/wizard_tower_pickup_02.wav",80,100,100,"sfx/wall_pickup_01.wav",80,100,100,,
"Air Defence Pickup",,,"Grass",,,,,,,"top",,,"sfx/air_def_pickup_03.wav",80,100,100,"sfx/wall_pickup_01.wav",80,100,100,,
"Mortar Pickup",,,"Grass",,,,,,,"top",,,"sfx/mortar_pickup_01.wav",80,100,100,"sfx/wall_pickup_01.wav",80,100,100,,
"Alliance Castle Pickup",,,"Grass",,,,,,,"top",,,"sfx/alliance_build_pickup_03.wav",80,100,100,"sfx/wall_pickup_01.wav",80,100,100,,
"Troop Housing Placing",,,"Place",,,"TRUE",,,,"objects",,,"sfx/troop_housing_placing_08.wav",80,100,100,"sfx/cannon_drop2.wav",80,100,100,,
,,,"Grass",,,"TRUE",,,,"objects",,,,,,,,,,,,
"Town Hall Placing",,,"Place",,,"TRUE",,,,"objects",,,"sfx/town_hall_placing_04.wav",80,100,100,"sfx/cannon_drop2.wav",60,100,100,,
,,,"Grass",,,"TRUE",,,,"objects",,,,,,,,,,,,
"Elixir Pump Placing",,,"Place",,,"TRUE",,,,"objects",,,"sfx/elixir_pump_drop_03.wav",80,100,100,"sfx/cannon_drop2.wav",60,100,100,,
,,,"Grass",,,"TRUE",,,,"objects",,,,,,,,,,,,
"Elixir Storage Placing",,,"Place",,,"TRUE",,,,"objects",,,"sfx/elixir_storage_drop_02.wav",80,100,100,"sfx/cannon_drop2.wav",60,100,100,,
,,,"Grass",,,"TRUE",,,,"objects",,,,,,,,,,,,
"Gold Mine Placing",,,"Place",,,"TRUE",,,,"objects",,,"sfx/goldmine_drop4.wav",80,100,100,"sfx/cannon_drop2.wav",60,100,100,,
,,,"Grass",,,"TRUE",,,,"objects",,,,,,,,,,,,
"Gold Storage Placing",,,"Place",,,"TRUE",,,,"objects",,,"sfx/golden_haus_drop_02.wav",80,100,100,"sfx/cannon_drop2.wav",60,100,100,,
,,,"Grass",,,"TRUE",,,,"objects",,,,,,,,,,,,
"Training Barrack Placing",,,"Place",,,"TRUE",,,,"objects",,,"sfx/troop_housing_placing_06.wav",80,100,100,"sfx/cannon_drop2.wav",60,100,100,,
,,,"Grass",,,"TRUE",,,,"objects",,,,,,,,,,,,
"Basic Turret Placing",,,"Place",,,"TRUE",,,,"objects",,,"sfx/cannon_drop2.wav",80,100,100,"sfx/cannon_drop2.wav",60,100,100,,
,,,"Grass",,,"TRUE",,,,"objects",,,,,,,,,,,,
"Tower Turret Placing",,,"Place",,,"TRUE",,,,"objects",,,"sfx/archer_tower_place_02.wav",80,100,100,"sfx/cannon_drop2.wav",60,100,100,,
,,,"Grass",,,"TRUE",,,,"objects",,,,,,,,,,,,
"Weak Wall Placing",,,"Grass",,,"TRUE",,,,"objects",,,"sfx/wall_place_01.wav",80,100,100,"sfx/cannon_drop2.wav",60,100,100,,
,,,,,,,,,,,,,,,,,,,,,,
"Wizard Tower Placing",,,"Place",,,"TRUE",,,,"objects",,,"sfx/wizard_tower_drop_01.wav",80,100,100,"sfx/cannon_drop2.wav",60,100,100,,
,,,"Grass",,,"TRUE",,,,"objects",,,,,,,,,,,,
"Air Defence Placing",,,"Place",,,"TRUE",,,,"objects",,,"sfx/air_defense_place_01.wav",70,100,100,"sfx/cannon_drop2.wav",60,100,100,,
,,,"Grass",,,"TRUE",,,,"objects",,,,,,,,,,,,
"Mortar Placing",,,"Place",,,"TRUE",,,,"objects",,,"sfx/mortar_place_02.wav",80,100,100,"sfx/cannon_drop2.wav",60,100,100,,
,,,"Grass",,,"TRUE",,,,"objects",,,,,,,,,,,,
"Alliance Castle Placing",,,"Place",,,"TRUE",,,,"objects",,,"sfx/alliance_build_drop_04.wav",80,100,100,"sfx/cannon_drop2.wav",60,100,100,,
,,,"Grass",,,"TRUE",,,,"objects",,,,,,,,,,,,
"Stone Pickup",,,"Rocks",,,"TRUE",,,,"objects",,,"sfx/rock_pickup3.wav",80,100,100,"sfx/wall_pickup_01.wav",60,100,100,,
,,,,,,,,,,,,,,,,,,,,,,
"Bush Pickup",,,"Grass",,,,,,,"objects",,,"sfx/bush2.wav",80,100,100,"sfx/wall_pickup_01.wav",60,100,100,,
"Tree Pickup",,,"Wood",,,,,,,"objects",,,"sfx/tree8.wav",70,100,100,"sfx/wall_pickup_01.wav",60,100,100,,
"Worker Building Placing",,,"Place",,,"TRUE",,,,"objects",,,"sfx/builder_hut_place_02.wav",80,100,100,"sfx/cannon_drop2.wav",60,100,100,,
,,,"Grass",,,,,,,,,,,,,,,,,,,
"Worker Building Pickup",,,"Grass",,,,,,,"objects",,,"sfx/builder_hut_pickup_02.wav",80,100,100,"sfx/wall_pickup_01.wav",60,100,100,,
"Flower Pickup",,,"Grass",,,,,,,,,,"sfx/bush2.wav",80,100,100,"sfx/wall_pickup_01.wav",60,100,100,,
"Pekka Deploy",,,"Deploy",,,,,,,"objects",,,"sfx/deploy_pekka_05.wav",80,100,100,"sfx/pekka_attack_02v2.wav",60,70,80,,
"Pekka Attack",,,,,,,,,,,,,"sfx/pekka_attack_02v2.wav",70,80,90,"sfx/pekka_attack_02v2.wav",60,80,90,,
,,,,,,,,,,,,,"sfx/pekka_attack_02v2.wav",70,100,110,,,,,,
"Pekka Hit",,,"Hit",,,"TRUE",,,,"objects",,,"sfx/pekka_attack_hit_02.wav",70,90,100,"sfx/pekka_attack_02v2.wav",60,50,60,,
,,,,,,,,,,,,,"sfx/pekka_attack_hit_02.wav",70,100,110,,,,,,
"Pekka Die",,,"SplatBig",,,"TRUE",,,,"top",,,"sfx/pekka_death_06.wav",90,100,110,"sfx/mortar_hit_01.wav",70,120,125,,
"Mortar Hit",,,"MortarHit",80,850,"FALSE",,,,"top",,,"sfx/mortar_hit_01.wav",90,95,105,"sfx/mortar_hit_01.wav",80,95,105,,
,,,"Ring",,,,,,,"top",,,,,,,,,,,,
,,,"Stone",,,,,,,"top",,,,,,,,,,,,
,,,"Grass",,,,,,,"top",,,,,,,,,,,,
,,,"Grass",,,,,,,"top",,,,,,,,,,,,
,,,"Grass",,,,,,,"top",,,,,,,,,,,,
"Lightning Spell Hit",,,"bomb_crater_small",70,1000,"TRUE",,,,"top",,5,"sfx/lightning_amb_01.wav",70,95,105,"sfx/mortar_hit_01.wav",80,60,80,,
,,,"Ring",,,,,,,,,,,,,,,,,,,
,,,"Explosion_1_small",,,"TRUE",,,,"top",,,,,,,,,,,,
,,,"Grass",,,"TRUE",,,,"top",,,,,,,,,,,,
,,,"Stone_explosion",,,"TRUE",,,,"top",,,,,,,,,,,,
,,,"Stone",,,"TRUE",,,,"top",,,,,,,,,,,,
,,,"explosion_blast",,,"TRUE",,,,"top",,,,,,,,,,,,
,,,"Wizard_Tower_hit",,,,,,,,,,,,,,,,,,,
,,,"Stone",,,,,,,,,,,,,,,,,,,
,,,"Grass",,,,,,,,,,,,,,,,,,,
,,,"Wizard_Tower_hit",,,,,,,,,,,,,,,,,,,
,,,"Stone_explosion",,,,,,,,,,,,,,,,,,,
,,,"Explosion_3",,,,,,,,,,,,,,,,,,,
,,,"Fire_balls",,,,,,,,,,,,,,,,,,,
,,,"Super_Bomb",,,,,,,,,,,,,,,,,,,
,,,"Smoke",,,,,,,,,,,,,,,,,,,
"Tesla Attack_1",,,"Lightning_1",,,"TRUE",,,,"top","TRUE",,"sfx/tesla_zap_01.wav",40,90,110,"sfx/tesla_zap_01.wav",40,90,110,,
,,,,,,,,,,,,,"sfx/tesla_zap_03.wav",40,100,120,,,,,,
"Tesla Attack_2",,,"Lightning_2",,,"TRUE",,,,"top","TRUE",,"sfx/tesla_zap_01.wav",40,90,110,"sfx/tesla_zap_01.wav",40,90,110,,
,,,,,,,,,,,,,"sfx/tesla_zap_03.wav",40,100,120,,,,,,
"Tesla Attack_3",,,"Lightning_3",,,"TRUE",,,,"top","TRUE",,"sfx/tesla_zap_01.wav",40,90,110,"sfx/tesla_zap_01.wav",40,90,110,,
,,,,,,,,,,,,,"sfx/tesla_zap_03.wav",40,100,120,,,,,,
"Tesla Attack_4",,,"Lightning_4",,,"TRUE",,,,"top","TRUE",,"sfx/tesla_zap_01.wav",40,90,110,"sfx/tesla_zap_01.wav",40,90,110,,
,,,,,,,,,,,,,"sfx/tesla_zap_03.wav",40,100,120,,,,,,
"Tesla Attack_4_Secondary",,,"Tesla_lvl7_attack",,,,,,,"top",,,,,,,,,,,,
"Tesla Attack_8_Secondary",,,"Tesla_lvl8_attack",,,,,,,"top",,,,,,,,,,,,
"Tesla Hit",,,"Tesla_spark_1",20,200,"FALSE",,,,"top",,,"sfx/tesla_zap_03.wav",20,50,70,"sfx/tesla_zap_03.wav",30,50,70,,"TRUE"
,,,"Tesla_spark_2",,,"FALSE",,,,"top",,,,,,,,,,,,
,,,"Hit",,,,,,,,,,,,,,,,,,,
"Wizard Tower attack",,,"Wizard_Tower_attack",10,100,"TRUE",,,,"top","TRUE",,"sfx/mage_attack_02.wav",80,100,120,"sfx/mage_attack_02.wav",70,100,120,,
"Wizard Tower attack lv6",,,"Wizard_Tower_attack_lv6",10,100,"TRUE",,,,"top","TRUE",,"sfx/mage_attack_02.wav",80,100,120,"sfx/mage_attack_02.wav",70,100,120,,
"Wizard Tower hit",,,"Wizard_Tower_hit",20,200,"FALSE",,,,"top",,,"sfx/wizard_hit_01.wav",65,100,100,"sfx/wizard_hit_01.wav",50,100,100,,
,,,"Wizard_Tower_hit2",,,,,,,,,,,,,,,,,,,
,,,"Hit",,,,,,,,,,,,,,,,,,,
,,,"DefenceHit",,,,,,,,,,,,,,,,,,,
,,,"Explosion_3",,,,,,,,,,,,,,,,,,,
,,,"Wizard_Tower_lightFlash",,,,,,,,,,,,,,,,,,,
"Tesla Pickup",,,"Grass",,,"TRUE",,,,"objects",,,"sfx/tesla_pickup_11.wav",80,100,100,"sfx/wall_pickup_01.wav",60,100,100,,
"Tesla Placing",,,"Grass",,,"TRUE",,,,"objects",,,"sfx/tesla_drop_09.wav",80,100,100,"sfx/cannon_drop2.wav",60,100,100,,
"Tesla Appear","sc/buildings.sc","tesla_appear_fx","Grass",20,200,"TRUE",,,,"objects",,,"sfx/tesla_appear_01.wav",70,100,100,"sfx/bad_move_06.wav",70,80,90,,
"Bomb Appear","sc/buildings.sc","gen_appear_fx","Grass",20,200,"TRUE",,,,"objects",,,"sfx/bad_move_06.wav",80,100,100,"sfx/bad_move_06.wav",70,100,100,,
"Lightning Spell",,,"LightningSky",,,"TRUE",,,,"objects","TRUE",10,"sfx/tesla_zap_01.wav",80,100,120,"sfx/tesla_zap_01.wav",50,100,120,,
"Super_Bomb",,,"Force",100,1000,"TRUE",,,,"objects",,,"sfx/mortar_hit_01.wav",80,60,80,"sfx/mortar_hit_01.wav",80,60,80,,
,,,"Explosion_flash",,,,,,,,,,,,,,,,,,,
,,,"Explosion_1",,,,,,,,,,,,,,,,,,,
,,,"Explosion_2",,,,,,,,,,,,,,,,,,,
,,,"Fire_explosion",,,,,,,,,,,,,,,,,,,
,,,"Fire_balls",,,,,,,,,,,,,,,,,,,
,,,"Stone_explosion",,,,,,,,,,,,,,,,,,,
,,,"Explosion_3",,,,,,,,,,,,,,,,,,,
,,,"Explosion_4",,,,,,,,,,,,,,,,,,,
,,,"explosion_blast",,,,,,,,,,,,,,,,,,,
,,,"explosion_blast",,,,,,,,,,,,,,,,,,,
,,,"explosion_blast",,,,,,,,,,,,,,,,,,,
"Super_Bomb ground",,,"bomb_crater",,,,,,,"ground",,,,,,,,,,,,
,,,"Super_ground_bomb_area",,,,,,,,,,,,,,,,,,,
"Mortar Hit lvl6",,,"bomb_crater_small",80,850,"FALSE",,,,"objects",,,"sfx/mortar_hit_01.wav",80,95,105,"sfx/mortar_hit_01.wav",80,95,105,,
,,,"Explosion_1_small",,,,,,,,,,,,,,,,,,,
,,,"Explosion_flash",,,,,,,,,,,,,,,,,,,
,,,"Fire_explosion",,,,,,,,,,,,,,,,,,,
,,,"Fire_balls",,,,,,,,,,,,,,,,,,,
,,,"Stone_explosion",,,,,,,,,,,,,,,,,,,
,,,"MortarHit_lvl6",,,,,,,,,,,,,,,,,,,
"Mortar Hit lvl8",,,"bomb_crater_small",80,850,"FALSE",,,,"objects",,,"sfx/mortar_hit_01.wav",80,95,105,"sfx/mortar_hit_01.wav",80,95,105,,
,,,"Explosion_1_small",,,,,,,,,,,,,,,,,,,
,,,"Explosion_flash",,,,,,,,,,,,,,,,,,,
,,,"Fire_explosion",,,,,,,,,,,,,,,,,,,
,,,"Fire_balls",,,,,,,,,,,,,,,,,,,
,,,"Stone_explosion",,,,,,,,,,,,,,,,,,,
,,,"MortarHit_lvl6",,,,,,,,,,,,,,,,,,,
,,,"MortarHit_lvl8",,,,,,,,,,,,,,,,,,,
"Bomb Exposion",,,"Stone",50,500,,,,,"objects",,8,"sfx/cannon_fire3.wav",60,90,110,"sfx/mortar_hit_01.wav",70,140,150,,
,,,"Grass",,,,,,,"objects",,,,,,,,,,,,
,,,"Ring",,,,,,,"objects",,,,,,,,,,,,
,,,"Wizard_Tower_lightFlash",,,,,,,,,,,,,,,,,,,
,,,"Explosion_3",,,,,,,,,,,,,,,,,,,
,,,"Fire_balls",,,,,,,,,,,,,,,,,,,
,,,"Smoke",,,,,,,,,,,,,,,,,,,
"Bomb Exposion ground",,,"bomb_crater_small",,,,,,,"ground",,,,,,,,,,,,
,,,"Small_ground_bomb_area",,,,,,,,,,,,,,,,,,,
"Heal area",,,"heal_ring",,,,,,,"ground",,,"sfx/bottle_heal_magic_03.wav",60,90,90,"sfx/bottle_heal_magic_03.wav",60,90,90,,
,,,"Explosion_3",,,,,,,,,,,,,,,,,,,
,,,"Explosion_flash",,,,,,,,,,,,,,,,,,,
,,,"heal_ring2",,,,,,,,,,,,,,,,,,,
,,,"heal_ring3",,,,,,,,,,,,,,,,,,,
,,,"heal_ring4",,,,,,,,,,,,,,,,,,,
,,,"Fire_balls",,,,,,,,,,,,,,,,,,,
,,,"heal_ring_lightrays",,,,,,,,,,,,,,,,,,,
"Heal area top",,,"heal_ring5",,,,,,,"top",,,,,,,,,,,,
"Heal spell",,,"heal_ring_effect",,,,,,,"objects",,,"sfx/healer_attack_01.wav",30,80,90,"sfx/healer_attack_01.wav",30,80,90,,
,,,"heal_ring_effect2",,,,,,,,,,,,,,,,,,,
"Lightning area",,,"Lightning_area_effect1",,,,,,,"objects",,,"sfx/bottle_break_04_lightning_01.wav",80,100,100,"sfx/barb_deploy_11.wav",50,80,90,,
,,,"Explosion_3",,,,,,,,,,,,,,,,,,,
,,,"Explosion_flash",,,,,,,,,,,,,,,,,,,
,,,"Lightning_area_effect2",,,,,,,,,,,,,,,,,,,
,,,"Lightning_area_effect3",,,,,,,,,,,,,,,,,,,
,,,"Lightning_area_ring",,,,,,,,,,,,,,,,,,,
,,,"Lightning_area_effect4",,,,,,,,,,,,,,,,,,,
,,,"Lightning_area_effect5",,,,,,,,,,,,,,,,,,,
,,,"Lightning_areaTesla_effect1",,,,,,,,,,,,,,,,,,,
"Lightning predeploy",,,"lightning_bottleDrop",,,,,,,"objects",,,"sfx/magic_bottle_fall_05.wav",80,95,95,"sfx/elixir_collect_02.wav",50,140,140,,
"Heal predeploy",,,"heal_bottleDrop",,,,,,,"objects",,,"sfx/magic_bottle_fall_05.wav",80,95,95,"sfx/elixir_collect_02.wav",50,140,140,,
"Rage predeploy",,,"rage_bottleDrop",,,,,,,"objects",,,"sfx/magic_bottle_fall_05.wav",80,95,95,"sfx/elixir_collect_02.wav",50,140,140,,
"xmas predeploy",,,"xmas_bottleDrop",,,,,,,"objects",,,"sfx/magic_bottle_fall_05.wav",80,95,95,"sfx/elixir_collect_02.wav",50,140,140,,
"Rage deploy",,,"rage_rangeRing3",,,,,,,"ground",,,"sfx/bottle_rage_magic_07v2.wav",90,75,75,"sfx/explosion_02.wav",80,70,80,,
,,,"rage_rangeRing1",,,,,,,,,,,,,,,,,,,
,,,"rage_glowPurple",,,,,,,,,,,,,,,,,,,
,,,"rage_flyingLine1",,,,,,,,,,,,,,,,,,,
,,,"rage_rangeRingOutter",,,,,,,,,,,,,,,,,,,
"Rage deploy top",,,"rage_smokeRing",,,,,,,"top",,,,,,,,,,,,
,,,"rage_flyingLine2",,,,,,,,,,,,,,,,,,,
,,,"rage_flyingLine3",,,,,,,,,,,,,,,,,,,
,,,"rage_flyingLine4",,,,,,,,,,,,,,,,,,,
,,,"rage_flyingLine2",,,,,,,,,,,,,,,,,,,
,,,"rage_flyingLine3",,,,,,,,,,,,,,,,,,,
,,,"rage_glowParticles",,,,,,,,,,,,,,,,,,,
,,,"Explosion_3",,,,,,,,,,,,,,,,,,,
,,,"Explosion_flash",,,,,,,,,,,,,,,,,,,
,,,"rage_smokeRing4",,,,,,,,,,,,,,,,,,,
,,,"rage_smokeRing2",,,,,,,,,,,,,,,,,,,
,,,"rage_smokeRing5",,,,,,,,,,,,,,,,,,,
,,,"rage_smokeRing3",,,,,,,,,,,,,,,,,,,
,,,"rage_glowParticles2",,,,,,,,,,,,,,,,,,,
"Cannon Attack",,,"cannon_lightFlash",,,"TRUE",,,,"objects",,6,"sfx/cannon_08.wav",70,100,100,"sfx/cannon_08.wav",80,100,100,,
,,,"Cannon_flash",,,,,,,,,,,,,,,,,,,
,,,"Cannon_smoke",,,,,,,,,,,,,,,,,,,
,,,"Cannon_fireBalls",,,,,,,,,,,,,,,,,,,
"Cannon Attack Large",,,"cannon_lightFlash2",,,"TRUE",,,,"objects",,6,"sfx/cannon_08.wav",80,100,100,"sfx/cannon_08.wav",80,100,100,,
,,,"Cannon_flash2",,,,,,,,,,,,,,,,,,,
,,,"Cannon_smoke2",,,,,,,,,,,,,,,,,,,
,,,"Cannon_fireBalls2",,,,,,,,,,,,,,,,,,,
"Cannon Attack Larger",,,"cannon_lightFlash3",,,"TRUE",,,,"objects",,6,"sfx/cannon_08.wav",80,100,100,"sfx/cannon_08.wav",80,100,100,,
,,,"Cannon_flash3",,,,,,,,,,,,,,,,,,,
,,,"Cannon_smoke3",,,,,,,,,,,,,,,,,,,
,,,"Cannon_fireBalls3",,,,,,,,,,,,,,,,,,,
"Mortar Attack",,,"Mortar_flash",,,"TRUE",,,,"objects",,,"sfx/mortar_fire_02_with_fall.wav",70,95,105,"sfx/mortar_fire_02_with_fall.wav",70,95,105,,
,,,"Mortar_smoke2",,,,,,,,,,,,,,,,,,,
,,,"Mortar_smoke",,,,,,,,,,,,,,,,,,,
,,,"Mortar_fireBalls",,,,,,,,,,,,,,,,,,,
,,,"Mortar_lightFlash",,,,,,,,,,,,,,,,,,,
"Explosive Arrow",,,"Explosive_arrow2",,,,,,,"objects",,,"sfx/explosive_arrow_01v2.wav",65,100,100,"sfx/mage_attack_02.wav",50,120,120,,
,,,"Arrow_Tower_lightFlash",,,,,,,,,,,,,,,,,,,
,,,"Hit",,,,,,,,,,,,,,,,,,,
,,,"DefenceHit",,,,,,,,,,,,,,,,,,,
,,,"Explosive_arrow",,,,,,,,,,,,,,,,,,,
,,,"Arrow_Tower_lightFlash",,,,,,,,,,,,,,,,,,,
"Air Defence hit1",,,"AirDefence1_hit1",20,200,"FALSE",,,,"top",,,"sfx/air_def_hit_02.wav",65,100,100,"sfx/wizard_hit_01.wav",50,100,100,,
,,,"AirDefence1_hit2",,,,,,,,,,,,,,,,,,,
,,,"AirDefence1_hit3",,,,,,,,,,,,,,,,,,,
"Air Defence hit2",,,"AirDefence2_hit1",20,200,"FALSE",,,,"top",,,"sfx/air_def_hit_02.wav",65,100,100,"sfx/wizard_hit_01.wav",50,100,100,,
,,,"AirDefence2_hit2",,,,,,,,,,"sfx/air_def_hit_02.wav",,,,,,,,,
,,,"AirDefence2_hit3",,,,,,,,,,,,,,,,,,,
,,,"AirDefence2_hit4",,,,,,,,,,,,,,,,,,,
"Air Defence hit3",,,"AirDefence3_hit1",20,200,"FALSE",,,,"top",,,"sfx/air_def_hit_02.wav",65,100,100,"sfx/wizard_hit_01.wav",65,100,100,,
,,,"AirDefence3_hit2",,,,,,,,,,,,,,,,,,,
,,,"AirDefence3_hit3",,,,,,,,,,,,,,,,,,,
,,,"AirDefence3_hit4",,,,,,,,,,,,,,,,,,,
"Air Defence Attack",,,"Mortar_smoke",,,,,,,"top",,,"sfx/air_def_attack_02.wav",60,95,105,,,,,,
"Rapidfire bow attack",,,"Rapidfire_bow_attack",,,,,,,"top",,8,"sfx/bow_attack.wav",70,110,120,"sfx/arrow_hit_07.wav",60,90,110,,
"Bow Pickup",,,"Grass",,,"TRUE",,,,"objects",,,"sfx/bow_pickup.wav",80,110,120,"sfx/cannon_drop2.wav",60,100,100,,
"Bow Placing",,,"Place",,,"TRUE",,,,"objects",,,"sfx/bow_place.wav",80,110,120,"sfx/cannon_drop2.wav",60,100,100,,
,,,"Grass",,,,,,,,,,,,,,,,,,,
"Bow Load",,,"Smoke",,,,,,,"top",,,"sfx/bow_load.wav",70,110,120,"sfx/arrow_hit_07.wav",70,150,150,,
"Bow Target",,,"Place",,,,,,,"top",,,"sfx/bow_target.wav",70,110,120,"sfx/moving_07.wav",60,80,90,,
"Jump predeploy",,,"jump_bottleDrop",,,,,,,"objects",,,"sfx/magic_bottle_fall_05.wav",80,95,95,"sfx/elixir_collect_02.wav",40,140,140,,
"Jump deploy lvl1",,,"jump_deploy_range_lvl1",,,,,,,"ground",,,"sfx/bottle_jump_spell_01.wav",95,97,97,"sfx/trap_eject_01v2.wav",50,100,100,,
,,,"jump_ring_anim_lvl1",,,,,,,,,,,,,,,,,,,
"Jump deploy top lvl1",,,"jump_deploy_range_anim_lvl1",,,,,,,"top",,,,,,,,,,,,
,,,"jump_glowGreen_lvl1",,,,,,,,,,,,,,,,,,,
,,,"Fire_balls",,,,,,,,,,,,,,,,,,,
,,,"jump_balls_lvl1",,,,,,,,,,,,,,,,,,,
,,,"jump_balls2_lvl1",,,,,,,,,,,,,,,,,,,
,,,"jump_balls3_lvl1",,,,,,,,,,,,,,,,,,,
,,,"jump_balls4_lvl1",,,,,,,,,,,,,,,,,,,
,,,"jump_balls5_lvl1",,,,,,,,,,,,,,,,,,,
,,,"jump_balls6_lvl1",,,,,,,,,,,,,,,,,,,
,,,"Explosion_3",,,,,,,,,,,,,,,,,,,
,,,"Explosion_flash",,,,,,,,,,,,,,,,,,,
,,,"jump_ring_lightrays_lvl1",,,,,,,,,,,,,,,,,,,
"Jump deploy lvl2",,,"jump_deploy_range_lvl2",,,,,,,"ground",,,"sfx/bottle_jump_spell_01.wav",95,97,97,"sfx/trap_eject_01v2.wav",50,100,100,,
,,,"jump_ring_anim_lvl2",,,,,,,,,,,,,,,,,,,
"Jump deploy top lvl2",,,"jump_deploy_range_anim_lvl2",,,,,,,"top",,,,,,,,,,,,
,,,"jump_glowGreen_lvl2",,,,,,,,,,,,,,,,,,,
,,,"Fire_balls",,,,,,,,,,,,,,,,,,,
,,,"jump_balls_lvl2",,,,,,,,,,,,,,,,,,,
,,,"jump_balls2_lvl2",,,,,,,,,,,,,,,,,,,
,,,"jump_balls3_lvl2",,,,,,,,,,,,,,,,,,,
,,,"jump_balls4_lvl2",,,,,,,,,,,,,,,,,,,
,,,"jump_balls5_lvl2",,,,,,,,,,,,,,,,,,,
,,,"jump_balls6_lvl2",,,,,,,,,,,,,,,,,,,
,,,"Explosion_3",,,,,,,,,,,,,,,,,,,
,,,"Explosion_flash",,,,,,,,,,,,,,,,,,,
,,,"jump_ring_lightrays_lvl2",,,,,,,,,,,,,,,,,,,
"Jump deploy lvl3",,,"jump_deploy_range_lvl3",,,,,,,"ground",,,"sfx/bottle_jump_spell_01.wav",95,97,97,"sfx/trap_eject_01v2.wav",50,100,100,,
,,,"jump_ring_anim_lvl3",,,,,,,,,,,,,,,,,,,
"Jump deploy top lvl3",,,"jump_deploy_range_anim_lvl3",,,,,,,"top",,,,,,,,,,,,
,,,"jump_glowGreen_lvl3",,,,,,,,,,,,,,,,,,,
,,,"Fire_balls",,,,,,,,,,,,,,,,,,,
,,,"jump_balls_lvl3",,,,,,,,,,,,,,,,,,,
,,,"jump_balls2_lvl3",,,,,,,,,,,,,,,,,,,
,,,"jump_balls3_lvl3",,,,,,,,,,,,,,,,,,,
,,,"jump_balls4_lvl3",,,,,,,,,,,,,,,,,,,
,,,"jump_balls5_lvl3",,,,,,,,,,,,,,,,,,,
,,,"jump_balls6_lvl3",,,,,,,,,,,,,,,,,,,
,,,"Explosion_3",,,,,,,,,,,,,,,,,,,
,,,"Explosion_flash",,,,,,,,,,,,,,,,,,,
,,,"jump_ring_lightrays_lvl3",,,,,,,,,,,,,,,,,,,
"Bow No Ammo",,,"Dust2",,,,,,,"top",,,"sfx/bow_out_of_ammo.wav",80,110,110,"sfx/bad_move_06.wav",70,90,90,,
"Boost Start",,,"boosterStart",,,,,,,"top",,,"sfx/gem_boost_01.wav",80,100,100,"sfx/xp_gain_06.wav",80,100,100,,
,,,"boosterClock",,,,,,,,,,,,,,,,,,,
,,,"boosterClock2",,,,,,,,,,,,,,,,,,,
"xmas Drop Bombs",,,"xmas_bomb_shadow",,,,,,,"objects",,5,"sfx/xmastree.wav",70,170,180,"sfx/wall_pickup_01.wav",80,80,90,,
,,,"bomb_lightFlash",,,,,,,,,,,,,,,,,,,
,,,"xmas_dropBomb",,,,,,,,,,,,,,,,,,,
,,,"xmas_Fire_balls",,,,,,,,,,,,,,,,,,,
,,,"xmas_gift_poof",,,,,,,,,,,,,,,,,,,
"xmas Red Smoke",,,"xmas_redSmoke_shadow",,,,,,,"top",,,"sfx/mage_deploy_06.wav",90,60,60,"sfx/arrow_hit_07.wav",60,100,100,,
,,,"xmas_redSmoke_shadow_small",,,,,,,,,,,,,,,,,,,
,,,"xmas_redSmoke",,,,,,,,,,,,,,,,,,,
,,,"xmas_spell_shadow",,,,,,,,,,,,,,,,,,,
,,,"xmas_anim",,,,,,,,,,,,,,,,,,,
,,,"Explosion_3",,,,,,,,,,,,,,,,,,,
,,,"Explosion_flash",,,,,,,,,,,,,,,,,,,
,,,"Lightning_area_ring",,,,,,,,,,,,,,,,,,,
"xmas boom",,,"bomb_crater_small",50,500,,,,,"objects",,8,"sfx/cannon_fire3.wav",80,80,100,"sfx/mortar_hit_01.wav",60,80,90,,
,,,"Explosion_1_small",,,,,,,,,,,,,,,,,,,
,,,"Explosion_flash",,,,,,,,,,,,,,,,,,,
,,,"Fire_explosion",,,,,,,,,,,,,,,,,,,
,,,"Fire_balls",,,,,,,,,,,,,,,,,,,
,,,"xmas_fun1",,,,,,,,,,,,,,,,,,,
,,,"xmas_fun2",,,,,,,,,,,,,,,,,,,
,,,"xmas_fun3",,,,,,,,,,,,,,,,,,,
,,,"xmas_fun4",,,,,,,,,,,,,,,,,,,
,,,"Stone_explosion",,,,,,,,,,,,,,,,,,,
,,,"MortarHit_lvl6",,,,,,,,,,,,,,,,,,,
"xmas test",,,,,,,,,,"top",,,"sfx/santa.wav",80,75,75,,,,,,
"Xmas Tree Pickup",,,"Grass",,,,,,,"top",,,"sfx/xmastree.wav",80,100,100,"sfx/wall_pickup_01.wav",80,100,100,,
"ArcherQueen attack",,,"ArcherQueen_attack",,,,,,,"top",,,"sfx/archer_queen_attack_02.wav",80,95,105,"sfx/arrow_hit_07.wav",60,70,80,,
,,,,,,,,,,,,,"sfx/archer_queen_attack_01.wav",80,95,105,,,,,,
,,,,,,,,,,,,,"sfx/archer_queen_attack_01.wav",80,95,105,,,,,,
"Collect Dark Elixir",,,"Collect Dark Elixir",,,,,,,"top",,,"sfx/dark_elixir_collect.wav",90,100,100,"sfx/elixir_collect_02.wav",70,80,90,,
"Steal Dark Elixir",,,"Steal Dark Elixir",,,,,,,"top",,,"sfx/dark_elixir_steal.wav",80,100,100,"sfx/elixir_steal_03.wav",60,80,90,,
"Dark Elixir Drill Pickup",,,"Grass",,,,,,,,,,"sfx/dark_drill_pickup_02.wav",70,100,100,"sfx/wall_pickup_01.wav",70,60,70,,
"Dark Elixir Drill Place",,,"Grass",,,,,,,,,,"sfx/dark_drill_place_07.wav",70,100,100,"sfx/cannon_drop2.wav",70,90,90,,
"Hero Altar Place",,,"Grass",,,,,,,"top",,,"sfx/hero_altar_place.wav",80,100,100,"sfx/cannon_drop2.wav",70,90,90,,
"Hero Altar Pickup",,,"Grass",,,,,,,"top",,,"sfx/hero_altar_pickup_02.wav",80,100,100,"sfx/wall_pickup_01.wav",70,80,80,,
"Dark Elixir Storage Pickup",,,"Grass",,,,,,,,,,"sfx/dark_storage_pickup.wav",80,100,100,"sfx/wall_pickup_01.wav",70,80,80,,
"Dark Elixir Storage Place",,,"Grass",,,,,,,,,,"sfx/dark_storage_place.wav",80,100,100,"sfx/cannon_drop2.wav",70,90,90,,
"Start Hero Upgrade",,,,,,,,,,,,,"sfx/hero_upgrade_02.wav",80,64,64,"sfx/building_finished_01.wav",70,100,100,,
"Hero Upgrade Finished",,,"Building Ready",,,,,,,"objects",,,"sfx/building_finished_01.wav",80,100,100,"sfx/building_finished_01.wav",70,100,100,,
"Hero Health Full",,,"hero_heal_lightrays",,,,,,,"top",,,"sfx/hero_energized.wav",80,100,100,"sfx/building_finished_01.wav",70,100,100,,
,,,"hero_heal_rings",,,,,,,,,,,,,,,,,,,
,,,"Mortar_lightFlash",,,,,,,,,,,,,,,,,,,
,,,"heal_ring_effect",,,,,,,,,,,,,,,,,,,
,,,"heal_ring_effect2",,,,,,,,,,,,,,,,,,,
"Barbarian King Deploy",,,"Deploy",20,200,,,,,"objects",,,"sfx/barbarian_king_deploy.wav",90,100,100,"sfx/gob_attack_01.wav",80,60,70,,
,,,"Grass",,,,,,,"objects",,,"sfx/barbarian_king_deploy.wav",90,100,100,,,,,,
,,,"Place",,,,,,,,,,"sfx/barbarian_king_deploy.wav",90,90,100,,,,,,
"Archer Queen Deploy",,,"Deploy",10,100,,,,,"objects",,,"sfx/archer_queen_deploy_01.wav",90,100,100,"sfx/gob_attack_01.wav",80,60,70,,
,,,"Grass",,,,,,,"objects",,,"sfx/archer_queen_deploy_01.wav",90,100,100,,,,,,
,,,"Place",,,,,,,"objects",,,"sfx/archer_queen_deploy_01.wav",90,100,100,,,,,,
"Barbarian King Attack",,,"Hit",,,"TRUE",,,,"objects",,,"sfx/barbarian_king_attack_01.wav",60,95,105,"sfx/barbarian_sword_swing_hit_14.wav",60,60,75,,
,,,,,,,,,,,,,"sfx/barbarian_king_attack_01.wav",60,75,95,,,,,,
,,,,,,,,,,,,,"sfx/barbarian_king_attack_01.wav",60,110,130,,,,,,
"Barbarian King Die",,,"Mortar_lightFlash",100,1000,,,,,"top",,,"sfx/barbarian_king_die_01.wav",90,100,100,"sfx/barbarian_death_01.wav",60,70,80,,
,,,"Ring",,,,,,,,,,,,,,,,,,,
,,,"Place",,,,,,,,,,,,,,,,,,,
,,,"MortarHit_lvl6",,,,,,,,,,,,,,,,,,,
,,,"hero_die_force",,,,,,,,,,,,,,,,,,,
,,,"Force",,,,,,,,,,,,,,,,,,,
,,,"Grass",,,,,,,,,,,,,,,,,,,
,,,"Smoke",,,,,,,,,,,,,,,,,,,
"Archer Queen Die",,,"Mortar_lightFlash",100,1000,,,,,"top",,,"sfx/archer_queen_die_01.wav",80,100,100,"sfx/archer_death_05.wav",40,85,85,,
,,,"Ring",,,,,,,,,,,,,,,,,,,
,,,"Place",,,,,,,,,,,,,,,,,,,
,,,"MortarHit_lvl6",,,,,,,,,,,,,,,,,,,
,,,"hero_die_force",,,,,,,,,,,,,,,,,,,
,,,"Grass",,,,,,,,,,,,,,,,,,,
,,,"Grass",,,,,,,,,,,,,,,,,,,
"Barbarian King Hit",,,"Arrow_Tower_lightFlash",,,"TRUE",,,,"objects",,,"sfx/barbarian_hit_stuff4.wav",70,55,65,"sfx/barbarian_hit_stuff.wav",50,55,65,,
,,,"hero_hit2",,,,,,,,,,,,,,,,,,,
,,,"hero_hit3",,,,,,,,,,,,,,,,,,,
,,,"hero_hit4",,,,,,,,,,,,,,,,,,,
,,,"Deploy",,,,,,,,,,,,,,,,,,,
,,,"hero_hit1",,,,,,,,,,,,,,,,,,,
,,,"hero_hit5",,,,,,,,,,,,,,,,,,,
"Archer Queen Hit",,,"hero_arrow_trail1",,,,,,,"objects",,,"sfx/explosive_arrow_01v2.wav",65,100,100,"sfx/mage_attack_02.wav",50,120,120,,
,,,"hero_hit2",,,,,,,,,,,,,,,,,,,
,,,"hero_hit3",,,,,,,,,,,,,,,,,,,
,,,"hero_hit4",,,,,,,,,,,,,,,,,,,
,,,"Arrow_Tower_lightFlash",,,,,,,,,,,,,,,,,,,
,,,"xmas_fun2",,,,,,,,,,,,,,,,,,,
"Barbarian King Scream",,,,,,,,,,,,,"sfx/barbarian_king_scream_01.wav",80,100,100,"sfx/barbarian_sword_swing_hit_14.wav",50,70,75,,
"Hero Spot Enemy",,,,,,,,,,"objects",,,,,,,,,,,,
"Hero Attack Enemy",,,,,,,,,,"objects",,,"sfx/hero_spot_01.wav",90,75,75,"sfx/gob_attack_01.wav",70,100,100,,
"Hero Sleep",,,,,,,,,,,,,"sfx/hero_sleep.wav",90,75,75,"sfx/healer_attack_01.wav",60,70,70,,
"Hero Patrol",,,,,,,,,,,,,"sfx/hero_patrol.wav",100,90,90,"sfx/barb_deploy_11.wav",70,65,65,,
"Wall Level 10 Destroyed",,,"Fire_balls",,,,,,,"objects",,6,"sfx/building_destroyed_01.wav",80,85,95,"sfx/building_destroyed_01.wav",80,85,95,,
,,,"Stone",,,,,,,,,,,,,,,,,,,
,,,"Grass",,,,,,,,,,,,,,,,,,,
,,,"hero_hit3",,,,,,,,,,,,,,,,,,,
,,,"Wizard_Tower_lightFlash",,,,,,,,,,,,,,,,,,,
,,,"Smoke",,,,,,,,,,,,,,,,,,,
,,,"Mortar_fireBalls",,,,,,,,,,,,,,,,,,,
,,,"Fire_balls",,,,,,,,,,,,,,,,,,,
,,,"Fire_balls",,,,,,,,,,,,,,,,,,,
,,,"Explosive_arrow",,,,,,,,,,,,,,,,,,,
"Archer Queen Scream",,,,,,,,,,,,,"sfx/archer_queen_scream_01.wav",90,100,100,"sfx/gob_attack_01.wav",40,60,60,,
"Small AirTrap",,,"small_airTrap_grass",,,,,,,"top",,,"sfx/air_trap.wav",90,100,100,"sfx/trap_eject_01v2.wav",80,100,100,,
,,,"small_airTrap_smoke",,,,,,,"objects",,,,,,,,,,,,
"Small AirTrap Explosion",,,"small_airTrap_smoke2",50,500,"TRUE",,,,"top",,,"sfx/cannon_fire3.wav",80,95,105,"sfx/mortar_hit_01.wav",80,95,105,,
,,,"small_airTrap_fireExplosion3",,,,,,,,,,,,,,,,,,,
,,,"small_airTrap_Explosion_3",,,,,,,,,,,,,,,,,,,
,,,"small_airTrap_wood",,,,,,,,,,,,,,,,,,,
,,,"small_airTrap_Hit",,,,,,,,,,,,,,,,,,,
,,,"small_airTrap_AirDefenceHit",,,,,,,,,,,,,,,,,,,
,,,"AirDefence3_hit2",,,,,,,,,,,,,,,,,,,
,,,"small_airTrap_wood",,,,,,,,,,,,,,,,,,,
,,,"small_airTrap_lightFlash",,,,,,,,,,,,,,,,,,,
,,,"Air_bomb_area",,,,,,,,,,,,,,,,,,,
"Large AirTrap Explosion",,,"large_airTrap_smoke2",50,500,"TRUE",,,,"top",,,"sfx/cannon_fire3.wav",80,95,105,"sfx/mortar_hit_01.wav",80,95,105,,
,,,"small_airTrap_Hit",,,,,,,,,,,,,,,,,,,
,,,"AirDefence3_hit2",,,,,,,,,,,,,,,,,,,
,,,"large_airTrap_explosion1",,,,,,,,,,,,,,,,,,,
,,,"large_airTrap_verticalLight",,,,,,,,,,,,,,,,,,,
,,,"small_airTrap_fireExplosion3",,,,,,,,,,,,,,,,,,,
,,,"large_airTrap_lightFlash",,,,,,,,,,,,,,,,,,,
,,,"large_airTrap_forceUp",,,,,,,,,,,,,,,,,,,
,,,"large_airTrap_forceDown",,,,,,,,,,,,,,,,,,,
"Golem Hit",,,"Golem_hit",,,,,,,"top",,,"sfx/stone_golem_hit_01.wav",70,95,105,"sfx/giant_attack_06.wav",70,90,110,,
,,,"DefenceHit",,,,,,,,,,,,,,,,,,,
,,,"Stone debris",,,,,,,"top",,,,,,,,,,,,
"Golem Attack",,,"Golem_hit",,,,,,,"top",,,"sfx/stone_golem_attack_01.wav",80,95,105,,,,,,
,,,"Stone debris",,,,,,,"ground",,,,,,,,,,,,
"Golem_split",,,"Stone_explosion",,,,,,,"top",,,"sfx/stone_golem_death_01.wav",80,95,105,,,,,,
,,,"Wizard_Tower_lightFlash",,,,,,,,,,,,,,,,,,,
,,,"Wizard_Tower_lightFlash2",,,,,,,,,,,,,,,,,,,
,,,"Fire_ballsBig",,,,,,,,,,,,,,,,,,,
,,,"Golem_hit",,,,,,,,,,,,,,,,,,,
,,,"Golem Split 1",,,,,,,,,,,,,,,,,,,
,,,"Golem Split 2",,,,,,,,,,,,,,,,,,,
"Small Golem Attack",,,"Stone debris small",,,,,,,"top",,,"sfx/stone_golem_attack_01.wav",60,120,130,,,,,,
,,,"Ground_ring",,,,,,,"ground",,,,,,,,,,,,
"Golem_die",,,"Stone_explosion",,,,,,,"top",,,"sfx/stone_golem_death_01.wav",80,120,130,,,,,,
,,,"Wizard_Tower_lightFlash",,,,,,,,,,,,,,,,,,,
,,,"Stone_explosion",,,,,,,,,,,,,,,,,,,
"Golem Deploy",,,"Deploy",20,200,,,,,"objects",,,"sfx/stone_golem_deploy_01.wav",80,95,105,"sfx/gob_attack_01.wav",70,100,100,,
,,,"Grass",,,,,,,"objects",,,"sfx/stone_golem_deploy_01.wav",80,95,105,,,,,,
,,,"Place",,,,,,,"objects",,,"sfx/stone_golem_deploy_01.wav",80,95,105,,,,,,
"League_Promote",,,,,,,,,,,,,"sfx/league_promote.wav",90,75,75,"sfx/league_promote.wav",70,75,75,,
"League_Demote",,,,,,,,,,,,,"sfx/league_demote.wav",90,75,75,"sfx/league_demote.wav",70,75,75,,
"League_Bonus",,,,,,,,,,,,,"sfx/league_bonus.wav",100,100,100,"sfx/league_bonus.wav",80,100,100,,
"Dark Tower Attack 1",,,"DarkRay_1_light",10,100,"TRUE",,,"TRUE","top","TRUE",20,"sfx/laser_loop_02.wav",40,100,100,"sfx/laser_loop_02.wav",40,100,100,"TRUE",
"Dark Tower Attack 2",,,"DarkRay_2_light",20,200,"TRUE",,,"TRUE","top","TRUE",20,"sfx/laser_loop_02.wav",60,120,120,"sfx/laser_loop_02.wav",50,120,120,"TRUE",
"Dark Tower Attack 3",,,"DarkRay_3_light",30,300,"TRUE",,,"TRUE","top","TRUE",20,"sfx/laser_loop_02.wav",80,140,140,"sfx/laser_loop_02.wav",60,140,140,"TRUE",
"Dark Tower lvl3 Attack 1",,,"DarkRay_lvl3_1_light",10,100,"TRUE",,,"TRUE","top","TRUE",20,"sfx/laser_loop_02.wav",40,100,100,"sfx/laser_loop_02.wav",40,100,100,"TRUE",
"Dark Tower lvl3 Attack 2",,,"DarkRay_lvl3_2_light",20,200,"TRUE",,,"TRUE","top","TRUE",20,"sfx/laser_loop_02.wav",60,120,120,"sfx/laser_loop_02.wav",50,120,120,"TRUE",
"Dark Tower lvl3 Attack 3",,,"DarkRay_lvl3_3_light",30,300,"TRUE",,,"TRUE","top","TRUE",20,"sfx/laser_loop_02.wav",80,140,140,"sfx/laser_loop_02.wav",60,140,140,"TRUE",
"Dark Tower Hit",,,"Dark Tower Hit",,,,,,,"top",,,,,,,,,,,,"TRUE"
,,,"Dark Tower Hit sparks",,,,,,,,,,,,,,,,,,,
,,,"Light Dust",,,,,,,,,,,,,,,,,,,
"Dark Tower Up 2",,,"DarkRay Up2",30,300,,,,,"objects",,,"sfx/beam_up_02.wav",60,90,90,"sfx/beam_up_02.wav",60,90,90,,
"Dark Tower Up 3",,,"DarkRay Up3",40,400,,,,,"objects",,,"sfx/beam_up_02.wav",75,110,110,"sfx/beam_up_02.wav",75,110,110,,
"Dark Tower Load",,,"Dark Tower Load",,,,,,,"top",,,"sfx/darktower_reload_01.wav",80,100,,"sfx/mage_attack_02.wav",80,75,80,,
"Dark Tower Pickup",,,"Grass",,,"TRUE",,,,"objects",,,"sfx/darktower_pickup_01.wav",80,100,100,"sfx/wall_pickup_01.wav",80,80,85,,
"Dark Tower Placing",,,"Grass",,,"TRUE",,,,"objects",,,"sfx/darktower_place_01.wav",80,100,100,"sfx/cannon_drop2.wav",80,85,90,,
"Dark Tower No Ammo",,,"Dark Tower Empty",,,,,,,"top",,,"sfx/darktower_noammo_02.wav",80,100,,"sfx/bad_move_06.wav",80,70,80,,
"Freeze deploy lvl1",,,"Freeze_glow_blue_lvl1",,,"TRUE",,,,"ground",,,"sfx/freeze_spell_01.wav",80,90,90,"sfx/mage_attack_02.wav",70,55,55,,
,,,"Freeze2_lvl1",,,,,,,,,,,,,,,,,,,
,,,"Freeze3_lvl1",,,,,,,,,,,,,,,,,,,
,,,"Freeze1_lvl1",,,,,,,,,,,,,,,,,,,
"Freeze deploy2 lvl1",,,"Freeze_dots1_lvl1",,,"TRUE",,,,"top",,,,,,,,,,,,
,,,"Freeze_dots2_lvl1",,,,,,,,,,,,,,,,,,,
,,,"Freeze_crystal_lvl1",,,,,,,,,,,,,,,,,,,
"Freeze deploy lvl2",,,"Freeze_glow_blue_lvl2",,,"TRUE",,,,"ground",,,"sfx/freeze_spell_01.wav",80,90,90,"sfx/mage_attack_02.wav",70,55,55,,
,,,"Freeze2_lvl2",,,,,,,,,,,,,,,,,,,
,,,"Freeze3_lvl2",,,,,,,,,,,,,,,,,,,
,,,"Freeze1_lvl2",,,,,,,,,,,,,,,,,,,
"Freeze deploy2 lvl2",,,"Freeze_dots1_lvl2",,,"TRUE",,,,"top",,,,,,,,,,,,
,,,"Freeze_dots2_lvl2",,,,,,,,,,,,,,,,,,,
,,,"Freeze_crystal_lvl2",,,,,,,,,,,,,,,,,,,
"Freeze deploy lvl3",,,"Freeze_glow_blue_lvl3",,,"TRUE",,,,"ground",,,"sfx/freeze_spell_01.wav",80,90,90,"sfx/mage_attack_02.wav",70,55,55,,
,,,"Freeze2_lvl3",,,,,,,,,,,,,,,,,,,
,,,"Freeze3_lvl3",,,,,,,,,,,,,,,,,,,
,,,"Freeze1_lvl3",,,,,,,,,,,,,,,,,,,
"Freeze deploy2 lvl3",,,"Freeze_dots1_lvl3",,,"TRUE",,,,"top",,,,,,,,,,,,
,,,"Freeze_dots2_lvl3",,,,,,,,,,,,,,,,,,,
,,,"Freeze_crystal_lvl3",,,,,,,,,,,,,,,,,,,
"Freeze deploy lvl4",,,"Freeze_glow_blue_lvl4",,,"TRUE",,,,"ground",,,"sfx/freeze_spell_01.wav",80,90,90,"sfx/mage_attack_02.wav",70,55,55,,
,,,"Freeze2_lvl4",,,,,,,,,,,,,,,,,,,
,,,"Freeze3_lvl4",,,,,,,,,,,,,,,,,,,
,,,"Freeze1_lvl4",,,,,,,,,,,,,,,,,,,
"Freeze deploy2 lvl4",,,"Freeze_dots1_lvl4",,,"TRUE",,,,"top",,,,,,,,,,,,
,,,"Freeze_dots2_lvl4",,,,,,,,,,,,,,,,,,,
,,,"Freeze_crystal_lvl4",,,,,,,,,,,,,,,,,,,
"Freeze deploy lvl5",,,"Freeze_glow_blue_lvl5",,,"TRUE",,,,"ground",,,"sfx/freeze_spell_01.wav",80,90,90,"sfx/mage_attack_02.wav",70,55,55,,
,,,"Freeze2_lvl5",,,,,,,,,,,,,,,,,,,
,,,"Freeze3_lvl5",,,,,,,,,,,,,,,,,,,
,,,"Freeze1_lvl5",,,,,,,,,,,,,,,,,,,
"Freeze deploy2 lvl5",,,"Freeze_dots1_lvl5",,,"TRUE",,,,"top",,,,,,,,,,,,
,,,"Freeze_dots2_lvl5",,,,,,,,,,,,,,,,,,,
,,,"Freeze_crystal_lvl5",,,,,,,,,,,,,,,,,,,
"Freeze predeploy",,,"freeze_bottleDrop",,,,,,,"objects",,,"sfx/magic_bottle_fall_05.wav",80,95,95,"sfx/elixir_collect_02.wav",40,120,120,,
"Warlock Deploy",,,"Deploy",,,,,,,"objects",,,"sfx/witch_deploy_01.wav",65,95,105,"sfx/gob_attack_01.wav",40,100,100,,
"Warlock Attack",,,"Spawn_Dust",,,"TRUE",,,,"objects",,,"sfx/slimeball_fire_05.wav",50,95,105,"sfx/mage_attack_02.wav",40,80,90,,
,,,"witch_attack_glow",,,,,,,,,,"sfx/slimeball_fire_05.wav",40,90,110,,,,,,
,,,,,,,,,,,,,"sfx/slimeball_fire_05.wav",40,95,105,,,,,,
"Warlock Hit",,,"Hit",,,"FALSE",,,,"objects",,3,"sfx/wizard_hit_01.wav",40,80,100,"sfx/wizard_hit_01.wav",30,80,100,,
,,,"DefenceHit",,,,,,,,,,,,,,,,,,,
,,,"Fire_balls",,,,,,,,,,,,,,,,,,,
,,,"Explosion_3",,,,,,,,,,,,,,,,,,,
,,,"Wizard_Tower_lightFlash",,,,,,,,,,,,,,,,,,,
"Warlock Die",,,"Splat",,,"TRUE",,,,"top",,,"sfx/witch_die_01.wav",70,95,105,"sfx/archer_death_05.wav",40,85,95,,
"Warlock Summon",,,"witch_lightrays",,,,,,,"ground",,,"sfx/witch_summon_01.wav",50,95,105,"sfx/healer_hit_01.wav",60,65,75,,
,,,"witch_summon_area_glow",,,,,,,,,,,,,,,,,,,
,,,"witch_summon_area_edge",,,,,,,,,,,,,,,,,,,
,,,"witch_rings",,,,,,,,,,,,,,,,,,,
"Skeleton Deploy","sc/buildings.sc","tesla_appear_fx","Deploy",,,,,,,"ground",,,"sfx/upfromground_05.wav",70,95,105,"sfx/healer_hit_01.wav",40,60,70,,
,,,"summon_crater_small",,,,,,,"ground",,,,,,,,,,,,
,,,"Spawn_Grass",,,,,,,"objects",,,,,,,,,,,,
,,,"Spawn_Rocks",,,,,,,"objects",,,,,,,,,,,,
,,,"Spawn_Dust",,,,,,,"top",,,,,,,,,,,,
"Skeleton Attack",,,,,,,,,,,,,"sfx/summon_attack_01.wav",50,90,110,"sfx/barbarian_sword_swing_hit_14.wav",40,70,80,,
,,,,,,,,,,,,,,,,,,,,,,
,,,,,,,,,,,,,,,,,,,,,,
"Skeleton Hit",,,"Hit",,,"FALSE",,,,"objects",,,"sfx/barbarian_hit_stuff2.wav",20,75,80,"sfx/barbarian_hit_stuff2.wav",20,75,80,,
,,,,,,,,,,,,,"sfx/barbarian_hit_stuff3.wav",20,75,80,,,,,,
,,,,,,,,,,,,,"sfx/barbarian_hit_stuff4.wav",20,75,80,,,,,,
"Skeleton Die",,,"Splat",,,"TRUE",,,,"top",,,"sfx/summon_die_02.wav",70,95,110,"sfx/dragon_die_01.wav",30,120,130,,
,,,,,,,,,,,,,"sfx/summon_die_02.wav",70,95,110,,,,,,
"Lightning area Halloween",,,"Lightning_area_halloween_effect1",,,,,,,"objects",,,"sfx/bottle_break_04_lightning_01.wav",80,100,100,"sfx/barb_deploy_11.wav",50,80,90,,
,,,"Explosion_3",,,,,,,,,,,,,,,,,,,
,,,"Explosion_flash",,,,,,,,,,,,,,,,,,,
,,,"Lightning_area_halloween_effect2",,,,,,,,,,,,,,,,,,,
,,,"Lightning_area_halloween_effect3",,,,,,,,,,,,,,,,,,,
,,,"Lightning_area_ring",,,,,,,,,,,,,,,,,,,
,,,"Lightning_area_halloween_effect4",,,,,,,,,,,,,,,,,,,
,,,"Lightning_area_halloween_effect5",,,,,,,,,,,,,,,,,,,
,,,"Lightning_areaTesla_effect1",,,,,,,,,,,,,,,,,,,
"Lightning Spell Hit Halloween",,,"bomb_crater_small",100,1000,"TRUE",,,,"top",,5,"sfx/lightning_amb_01.wav",70,95,105,"sfx/mortar_hit_01.wav",80,60,80,,
,,,"Ring_blue",,,,,,,,,,,,,,,,,,,
,,,"Explosion_1_small_green",,,"TRUE",,,,"top",,,,,,,,,,,,
,,,"Grass",,,"TRUE",,,,"top",,,,,,,,,,,,
,,,"Stone_explosion",,,"TRUE",,,,"top",,,,,,,,,,,,
,,,"Stone",,,"TRUE",,,,"top",,,,,,,,,,,,
,,,"explosion_blast_green",,,"TRUE",,,,"top",,,,,,,,,,,,
,,,"Wizard_Tower_hit_green",,,,,,,,,,,,,,,,,,,
,,,"Stone",,,,,,,,,,,,,,,,,,,
,,,"Grass",,,,,,,,,,,,,,,,,,,
,,,"Wizard_Tower_hit_green",,,,,,,,,,,,,,,,,,,
,,,"Stone_explosion",,,,,,,,,,,,,,,,,,,
,,,"Explosion_3_green",,,,,,,,,,,,,,,,,,,
,,,"Fire_balls",,,,,,,,,,,,,,,,,,,
,,,"Super_Bomb_green",,,,,,,,,,,,,,,,,,,
,,,"Smoke_green",,,,,,,,,,,,,,,,,,,
,,,"batcloud",,,,,,,,,,,,,,,,,,,
"Trap Repaired",,,"Trap Ready",,,,,,,"top",,30,"sfx/rearm_jingle_01.wav",80,100,100,"sfx/xp_gain_06.wav",80,100,100,,
"Trap broken",,,"TrapSmoke",,,"TRUE",,,"TRUE","top",,30,,,,,,,,,,
"Gift Trap trigger",,,"Gift Debris",,,"TRUE",,,,"objects",,,"sfx/cannon_fire3.wav",60,90,110,"sfx/mortar_hit_01.wav",70,140,150,,
"Dark Tower Target",,,"Place",,,,,,,"top",,,"sfx/darktower_place_01.wav",80,100,100,"sfx/darktower_place_01.wav",80,100,100,,
"Clear Bonus Gems",,,"Bonus_Gems",,,,,,,"top",,,"sfx/collect_diamonds_01.wav",70,100,100,"sfx/collect_diamonds_01.wav",60,100,100,,
,,,"Gem_light_streaks",,,,,,,,,,,,,,,,,,,
"King Ability Effect",,,"king_rangeRing3",,,"TRUE",,,,"ground",,,"sfx/barb_king_rage_fist_01.wav",90,100,100,"sfx/barbarian_sword_swing_hit_14.wav",50,70,75,,
,,,"king_glowPurple",,,,,,,"ground",,,,,,,,,,,,
,,,"king_rangeRingOutter",,,,,,,"ground",,,,,,,,,,,,
,,,"rage_rangeRing1King",,,,,,,"ground",,,,,,,,,,,,
,,,"rage_kingFlames",,,,,,,"objects",,,,,,,,,,,,
"Queen Ability Effect",,,"queen_ability_fxlines1",,,,,,,"top",,,"sfx/archer_invis_01v2.wav",90,100,100,"sfx/gob_attack_01.wav",40,60,60,,
,,,"queen_ability_glow",,,,,,,,,,,,,,,,,,,
,,,"queen_spark_fx",,,,,,,,,,,,,,,,,,,
"Chest Pickup",,,"Wood",,,,,,,"objects",,,"sfx/tap_chest_01.wav",70,95,105,"sfx/wall_pickup_01.wav",60,100,100,,
"Spell Factory Place",,,"Place",,,"TRUE",,,,"objects",,,"sfx/spellfactory_place_01.wav",80,100,100,"sfx/cannon_drop2.wav",80,100,100,,
,,,"Grass",,,"TRUE",,,,"objects",,,,,,,,,,,,
"Spell Factory Pickup",,,"Grass",,,,,,,"top",,,"sfx/spellfactory_pickup_01.wav",80,100,100,"sfx/wall_pickup_01.wav",80,100,100,,
"Totem Slow",,,"totem_slow",,,"TRUE",,"TRUE",,"ground",,,"sfx/bottle_rage_magic_07v2.wav",90,75,75,"sfx/explosion_02.wav",80,70,80,,
"Embers",,,"EmberParticles",,,"TRUE",,"TRUE","TRUE","top",,30,,,,,,,,,,
"Tiny Deploy",,,"Deploy",20,200,"TRUE",,"TRUE",,"objects",,,"sfx/tiny_deploy_05.wav",70,90,110,"sfx/mage_attack_02.wav",60,70,80,,
"Tiny Die",,,"large_airTrap_explosion1",,,"TRUE",,,,"top",,7,"sfx/tiny_die_03.wav",90,95,105,"sfx/explosion_02.wav",80,70,80,,
,,,"Force",,,,,,,,,,,,,,,,,,,
,,,"Explosion_flash",,,,,,,,,,,,,,,,,,,
,,,"Fire_ballsBig",,,,,,,,,,,,,,,,,,,
,,,"Stone_explosion",,,,,,,,,,,,,,,,,,,
,,,"small_airTrap_fireExplosion3",,,,,,,,,,,,,,,,,,,
"Tiny Attack",,,"Tiny_spit",,,"TRUE",,,,"objects",,8,"sfx/tiny_attack_04.wav",60,90,110,"sfx/giant_attack_06.wav",30,70,80,,
"Tiny Hit",,,"Tiny_spit",,,"FALSE",,,,"top",,,"sfx/tiny_hurt_02.wav",60,90,110,"sfx/wizard_hit_01.wav",30,70,80,,
,,,"Hit",,,,,,,,,,,,,,,,,,,
"Tinymite Die",,,"Tiny Splat",,,"TRUE",,,,"top",,,"sfx/tinymite_die_03.wav",50,90,110,"sfx/mortar_hit_01.wav",40,145,155,,
,,,"Fire_ballsBigTranslateUp",,,,,,,,,,,,,,,,,,,
"Tinymite Attack",,,"Tinymite_spit",,,"TRUE",,,,"objects",,5,"sfx/tinymite_attack_04.wav",40,90,110,"sfx/wizard_hit_01.wav",20,110,120,,
"Tinymite Hit",,,"Tinymite_spit",,,"FALSE",,,,"top",,,"sfx/tinymite_hurt_01.wav",40,90,110,"sfx/mortar_hit_01.wav",20,180,190,,
,,,"Hit",,,,,,,,,,,,,,,,,,,
"Skeleton Trap",,,"Stone",,,"TRUE",,,,"top",,,"sfx/coffin_popup_01.wav",80,98,102,,,,,,
,,,"Grass",,,"TRUE",,,,"top",,,,,,,,,,,,
,,,"Rocks",,,"TRUE",,,,"objects",,,,,,,,,,,,
,,,"Smoke",,,,,,,"objects",,,,,,,,,,,,
"Skeleton Trap Pick Up",,,,,,,,,,,,,"sfx/coffin_pickup_01.wav",60,96,104,"sfx/wall_pickup_01.wav",40,100,100,,
"Skeleton Trap Placing",,,"Place",,,"TRUE",,,,"top",,,"sfx/coffin_place_01.wav",60,96,104,"sfx/cannon_drop2.wav",40,100,100,,
"Skeleton Trap Target",,,"Place",,,,,,,"top",,,"sfx/coffin_place_01.wav",60,96,104,"sfx/moving_07.wav",60,80,90,,
"Headstone Pickup",,,"Grass",,,,,,,"objects",,,"sfx/bush2-halloween.wav",80,100,100,"sfx/wall_pickup_01.wav",60,100,100,,
,,,,,,,,,,,,,,,,,,,,,,
"Present Open",,,"presentOpen_sparkle",,,"TRUE",,,,"top",,,"sfx/collect_diamonds_01.wav",70,100,100,"sfx/collect_diamonds_01.wav",60,100,100,,
,,,"presentOpen_sparkleRed",,,"TRUE",,,,"top",,,,,,,,,,,,
,,,"presentOpen_rays",,,"TRUE",,,,"top",,,,,,,,,,,,
,,,"presentOpen_sparkleRedB",,,"TRUE",,,,"top",,,,,,,,,,,,
"Wind Machine Hit",,,"wind_hit_particle",,,"FALSE",,,,"top",,,,,,,,,,,,"TRUE"
"Wind Machine Attack",,,"wind_attack_particle",,,"TRUE",,,,"top",,,"sfx/air_cannon_fire_04.wav",90,95,105,"sfx/mage_attack_02.wav",90,75,85,,"TRUE"
"Wind Machine Pickup",,,"Grass",,,,,,,,,,"sfx/air_cannon_pickup_03.wav",70,95,105,"sfx/wall_pickup_01.wav",70,80,80,,
"Wind Machine Place",,,"Grass",,,,,,,,,,"sfx/air_cannon_place_02.wav",80,100,100,"sfx/cannon_drop2.wav",70,90,90,,
"Spell Immunity","sc/buildings.sc","spell_immunity_fx","Tesla_spark_1",,,"TRUE",,,,"top",,,"sfx/tesla_zap_03.wav",20,50,70,"sfx/tesla_zap_03.wav",30,50,70,,"TRUE"
"Speedup_deploy_lvl1",,,"Speedup_deploy_range_low_lvl1",,,,,,,"ground",,,"sfx/vial_speed_hit_gound_01.wav",70,97,97,"sfx/beam_up_02.wav",70,120,120,,
,,,"Speedup_circleLines_lvl1",,,,,,,,,,,,,,,,,,,
,,,"Explosion_3",,,,,,,,,,,,,,,,,,,
,,,"Speedup_deploy_range_anim_lvl1",,,,,,,,,,,,,,,,,,,
,,,,,,,,,,,,,,,,,,,,,,
"Speedup_deploy_top_lvl1",,,"Speedup_circleLinesTop_lvl1",,,,,,,"top",,,,,,,,,,,,
,,,"Speedup_deploy_range_glow_lvl1",,,,,,,,,,,,,,,,,,,
,,,"Speedup_deploy_range_high_lvl1",,,,,,,,,,,,,,,,,,,
,,,"Speedup_sparks_lvl1",,,,,,,,,,,,,,,,,,,
,,,,,,,,,,,,,,,,,,,,,,
"Speedup_deploy_lvl2",,,"Speedup_deploy_range_low_lvl2",,,,,,,"ground",,,"sfx/vial_speed_hit_gound_01.wav",70,97,97,"sfx/beam_up_02.wav",80,120,120,,
,,,"Speedup_circleLines_lvl2",,,,,,,,,,,,,,,,,,,
,,,"Explosion_3",,,,,,,,,,,,,,,,,,,
,,,"Speedup_deploy_range_anim_lvl2",,,,,,,,,,,,,,,,,,,
,,,,,,,,,,,,,,,,,,,,,,
"Speedup_deploy_top_lvl2",,,"Speedup_circleLinesTop_lvl2",,,,,,,"top",,,,,,,,,,,,
,,,"Speedup_deploy_range_glow_lvl2",,,,,,,,,,,,,,,,,,,
,,,"Speedup_deploy_range_high_lvl2",,,,,,,,,,,,,,,,,,,
,,,"Speedup_sparks_lvl2",,,,,,,,,,,,,,,,,,,
,,,,,,,,,,,,,,,,,,,,,,
"Speedup_deploy_lvl3",,,"Speedup_deploy_range_low_lvl3",,,,,,,"ground",,,"sfx/vial_speed_hit_gound_01.wav",70,97,97,"sfx/beam_up_02.wav",80,120,120,,
,,,"Speedup_circleLines_lvl3",,,,,,,,,,,,,,,,,,,
,,,"Explosion_3",,,,,,,,,,,,,,,,,,,
,,,"Speedup_deploy_range_anim_lvl3",,,,,,,,,,,,,,,,,,,
,,,,,,,,,,,,,,,,,,,,,,
"Speedup_deploy_top_lvl3",,,"Speedup_circleLinesTop_lvl3",,,,,,,"top",,,,,,,,,,,,
,,,"Speedup_deploy_range_glow_lvl3",,,,,,,,,,,,,,,,,,,
,,,"Speedup_deploy_range_high_lvl3",,,,,,,,,,,,,,,,,,,
,,,"Speedup_sparks_lvl3",,,,,,,,,,,,,,,,,,,
,,,,,,,,,,,,,,,,,,,,,,
"Speedup_deploy_lvl4",,,"Speedup_deploy_range_low_lvl4",,,,,,,"ground",,,"sfx/vial_speed_hit_gound_01.wav",70,97,97,"sfx/beam_up_02.wav",80,120,120,,
,,,"Speedup_circleLines_lvl4",,,,,,,,,,,,,,,,,,,
,,,"Explosion_3",,,,,,,,,,,,,,,,,,,
,,,"Speedup_deploy_range_anim_lvl4",,,,,,,,,,,,,,,,,,,
,,,,,,,,,,,,,,,,,,,,,,
"Speedup_deploy_top_lvl4",,,"Speedup_circleLinesTop_lvl4",,,,,,,"top",,,,,,,,,,,,
,,,"Speedup_deploy_range_glow_lvl4",,,,,,,,,,,,,,,,,,,
,,,"Speedup_deploy_range_high_lvl4",,,,,,,,,,,,,,,,,,,
,,,"Speedup_sparks_lvl4",,,,,,,,,,,,,,,,,,,
,,,,,,,,,,,,,,,,,,,,,,
,,,,,,,,,,,,,,,,,,,,,,
"Toxic deploy",,,"Toxic_cloud",,,,,,,"objects",,,"sfx/vial_poison_hit_gound_01.wav",80,97,97,"sfx/dragon_die_01.wav",60,65,75,,
,,,"Toxic_skull",,,,,,,"objects",,,,,,,,,,,,
,,,"Toxic_swirl",,,,,,,"objects",,,,,,,,,,,,
,,,"Toxic_sparks",,,,,,,"objects",,,,,,,,,,,,
,,,"Explosion_3",,,,,,,,,,,,,,,,,,,
"Toxic deploy ground",,,"Toxic_glow",,,,,,,"ground",,,,,,,,,,,,
,,,"Toxic_rangeRing1",,,,,,,"ground",,,,,,,,,,,,
,,,"Toxic_bubbles",,,,,,,"ground",,,,,,,,,,,,
,,,,,,,,,,,,,,,,,,,,,,
"Toxic deploy halloween",,,"Toxic_cloud",,,,,,,"objects",,,"sfx/vial_poison_hit_gound_01.wav",80,97,97,"sfx/dragon_die_01.wav",60,65,75,,
,,,"Toxic_skull",,,,,,,"objects",,,,,,,,,,,,
,,,"Toxic_skull_halloween",,,,,,,"objects",,,,,,,,,,,,
,,,"Toxic_swirl",,,,,,,"objects",,,,,,,,,,,,
,,,"Toxic_sparks",,,,,,,"objects",,,,,,,,,,,,
,,,"Explosion_3",,,,,,,,,,,,,,,,,,,
"Toxic deploy ground halloween",,,"Toxic_glow",,,,,,,"ground",,,,,,,,,,,,
,,,"Toxic_rangeRing1",,,,,,,"ground",,,,,,,,,,,,
,,,"Toxic_bubbles",,,,,,,"ground",,,,,,,,,,,,
,,,,,,,,,,,,,,,,,,,,,,
,,,,,,,,,,,,,,,,,,,,,,
,,,,,,,,,,,,,,,,,,,,,,
,,,,,,,,,,,,,,,,,,,,,,
"EarthQuake_deploy_ground",,,"Earthquake_rangeRing1",30,3000,,,,,"ground",,,,,,,,,,,,
,,,"Earthquake_crackDarken",,,,,,,,,,,,,,,,,,,
,,,"Earthquake_crack",,,,,,,,,,,,,,,,,,,
,,,"Earthquake_crackCenter",,,,,,,,,,,,,,,,,,,
,,,"Earthquake_stoneStatic",,,,,,,,,,,,,,,,,,,
"EarthQuake_deploy",,,"Earthquake_debrisSide",,,,,,,"top",,,"sfx/vial_earthquake_hit_gound_01.wav",80,97,97,"sfx/explosion_02.wav",90,80,80,,
,,,"Earthquake_debris",,,,,,,,,,,,,,,,,,,
,,,"Earthquake_dust",,,,,,,,,,,,,,,,,,,
,,,"Earthquake_stone",,,,,,,,,,,,,,,,,,,
,,,"Explosion_3",,,,,,,,,,,,,,,,,,,
,,,"Earthquake_rangeRing1_top",,,,,,,,,,,,,,,,,,,
,,,,,,,,,,,,,,,,,,,,,,
"Earthquake_Predeploy",,,"Earthquake_bottleDrop",,,,,,,"objects",,,"sfx/vial_fall_02.wav",80,95,95,"sfx/elixir_collect_02.wav",50,140,140,,
"toxic_Predeploy",,,"toxic_bottleDrop",,,,,,,"objects",,,"sfx/vial_fall_02.wav",80,95,95,"sfx/elixir_collect_02.wav",50,140,140,,
"speedup_Predeploy",,,"speedup_bottleDrop",,,,,,,"objects",,,"sfx/vial_fall_02.wav",80,95,95,"sfx/elixir_collect_02.wav",50,140,140,,
"League_Legend_Promote",,,,,,,,,,,,,"sfx/leg_league_01.wav",80,100,100,"sfx/league_promote.wav",80,100,100,,
"League_Legend_End",,,,,,,,,,,,,"sfx/leg_league_over_01.wav",80,100,100,"sfx/league_promote.wav",80,100,100,,
"Growth aura",,,"growth_aura_glow",,,,,"TRUE","TRUE","ground",,,,,,,,,,,,
,,,"growth_aura_ring",,,,,,,"ground",,,,,,,,,,,,
"Enemy growth aura",,,"enemy_growth_aura_ring",,,,,"TRUE","TRUE","ground",,,,,,,,,,,,
"Cauldron Pickup",,,"CauldronSplat",,,,,,,"objects",,,"sfx/tap_cauldron_01.wav",70,95,105,"sfx/wall_pickup_01.wav",60,100,100,,
"Artillery Placing",,,"Place",,,"TRUE",,,,"objects",,,"sfx/ancient_place_mecha_eagle_01.wav",80,100,100,"sfx/cannon_drop2.wav",60,100,100,,
,,,"Grass",,,"TRUE",,,,"objects",,,,,,,,,,,,
"Artillery Attack",,,,,,,,,,,,,"sfx/ancient_fire_02.wav",85,95,105,"sfx/mortar_fire_02_with_fall.wav",70,95,105,,
"Artillery PreAttack",,,,,,,,,,,,,"sfx/ancient_target_02.wav",80,95,105,,70,95,105,,
"Artillery WakeUp 1",,,,,,,,,,,,,"sfx/ancient_defcon_1.wav",90,100,100,"sfx/ancient_defcon_1.wav",60,100,100,,
"Artillery WakeUp 2",,,,,,,,,,,,,"sfx/ancient_defcon_2.wav",80,100,100,"sfx/ancient_defcon_4.wav",70,100,100,,
"Artillery WakeUp 3",,,,,,,,,,,,,"sfx/ancient_defcon_3.wav",70,100,100,"sfx/ancient_defcon_4.wav",80,100,100,,
"Artillery WakeUp 4",,,,,,,,,,,,,"sfx/ancient_defcon_4.wav",60,100,100,"sfx/ancient_defcon_4.wav",90,100,100,,
"Ancient Hit",,,"doom_crater",0,0,"FALSE",,,,"ground",,,"sfx/ancient_explo_01.wav",90,95,105,"sfx/explosion_02.wav",80,95,105,,
,,,"doom_blast_top",,,"FALSE",,,,"top",,,,,,,,,,,,
"GrandWarden Shield",,,"grandwarden_shield1",,,,,,,"top",,,"sfx/grand_warden_shield_01.wav",80,100,100,"sfx/coin_steal_02.wav",85,65,65,,
,,,"grandwarden_shield2",,,,,,,"ground",,,,,,,,,,,,
"Artillery Trail",,,"doom_trail_emitter",,,"TRUE","FALSE",,"TRUE","objects",,,,,,,,,,,,
"GrandWarden Attack",,,"grandwarden_hit",,,"TRUE",,,,"top","TRUE",,"sfx/grand_warden_attack_01.wav",80,95,105,"sfx/tesla_zap_01.wav",40,75,85,,
"GrandWarden Attack Air",,,"grandwarden_hit_air",,,"TRUE",,,,"top","TRUE",,"sfx/grand_warden_attack_01.wav",80,95,105,"sfx/tesla_zap_01.wav",40,75,85,,
"Steal Gold Big",,,"Steal Gold Big",,,,,,,"top",,,"sfx/coin_steal_02.wav",70,100,100,"sfx/coin_steal_02.wav",60,100,100,,
"Steal Elixir Big",,,"Steal Elixir Big",,,,,,,"top",,,"sfx/elixir_steal_03.wav",60,100,100,"sfx/elixir_steal_03.wav",60,100,100,,
"Steal Dark Elixir Big",,,"Steal Dark Elixir Big",,,,,,,"top",,,"sfx/dark_elixir_steal.wav",80,100,100,"sfx/elixir_steal_03.wav",60,80,90,,
"Steal Gold Mid",,,"Steal Gold Mid",,,,,,,"top",,,"sfx/coin_steal_02.wav",70,100,100,"sfx/coin_steal_02.wav",60,100,100,,
"Steal Elixir Mid",,,"Steal Elixir Mid",,,,,,,"top",,,"sfx/elixir_steal_03.wav",60,100,100,"sfx/elixir_steal_03.wav",60,100,100,,
"Steal Dark Elixir Mid",,,"Steal Dark Elixir Mid",,,,,,,"top",,,"sfx/dark_elixir_steal.wav",80,100,100,"sfx/elixir_steal_03.wav",60,80,90,,
"Artillery Hit",,,"Explosion_flash",60,700,"TRUE",,,,"objects",,,"sfx/mortar_hit_01.wav",80,95,105,"sfx/mortar_hit_01.wav",80,95,105,,
,,,"Fire_explosion",,,,,,,,,,,,,,,,,,,
,,,"Fire_balls",,,,,,,,,,,,,,,,,,,
,,,"Stone_explosion",,,,,,,,,,,,,,,,,,,
,,,"ArtilleryHit_mushcloud",,,,,,,,,,,,,,,,,,,
,,,"ArtilleryHit_spark",,,,,,,,,,,,,,,,,,,
,,,"ArtilleryHit_dustring",,,,,,,,,,,,,,,,,,,
"Grand Warden Deploy",,,"Deploy",10,100,,,,,"objects",,,"sfx/grand_warden_deploy_02.wav",90,100,100,"sfx/gob_attack_01.wav",80,60,70,,
,,,"Grass",,,,,,,"objects",,,"sfx/grand_warden_deploy_02.wav",90,100,100,,,,,,
,,,"Place",,,,,,,"objects",,,"sfx/grand_warden_deploy_02.wav",90,100,100,,,,,,
"Grand Warden Die",,,"Mortar_lightFlash",100,1000,,,,,"top",,,"sfx/grand_warden_dizzy_01.wav",80,100,100,"sfx/archer_death_05.wav",40,85,85,,
,,,"Ring",,,,,,,,,,,,,,,,,,,
,,,"Place",,,,,,,,,,,,,,,,,,,
,,,"MortarHit_lvl6",,,,,,,,,,,,,,,,,,,
,,,"hero_die_force",,,,,,,,,,,,,,,,,,,
,,,"Grass",,,,,,,,,,,,,,,,,,,
,,,"Grass",,,,,,,,,,,,,,,,,,,
"Grand Warden Scream",,,,,,,,,,,,,"sfx/tap_grand_warden_04.wav",90,100,100,"sfx/gob_attack_01.wav",40,60,60,,
"Grand Warden Hit",,,"Wizard_Tower_hit",20,200,"TRUE",,,,"top",,,"sfx/wizard_hit_01.wav",65,100,100,"sfx/wizard_hit_01.wav",50,100,100,,
,,,"Wizard_Tower_hit2",,,,,,,,,,,,,,,,,,,
,,,"Hit",,,,,,,,,,,,,,,,,,,
,,,"DefenceHit",,,,,,,,,,,,,,,,,,,
,,,"Explosion_3",,,,,,,,,,,,,,,,,,,
,,,"Wizard_Tower_lightFlash",,,,,,,,,,,,,,,,,,,
"Grand Warden Statue Attack",,,"grandwarden_statue_hit",,,"TRUE",,,,"top","TRUE",,"sfx/grand_warden_attack_01.wav",80,95,105,"sfx/tesla_zap_01.wav",40,75,85,,
"Artillery No Ammo",,,"Dust2",,,,,,,"top",,,"sfx/mech_eagle_sad_no_ammo_01.wav",80,100,,"sfx/bad_move_06.wav",80,70,80,,
"Artillery Load",,,"Smoke",,,,,,,"top",,,"sfx/mech_eagle_reload_01.wav",80,100,,"sfx/mage_attack_02.wav",80,75,80,,
"Clear Megatombstone",,,"Tombstone_loot",,,,,,,"objects",,,"sfx/clear_tombstone_01.wav",70,100,100,"sfx/elixir_collect_02.wav",50,140,140,,
"trollBoulderHit",,,"trollBoulderHit_emitter",,,,,,,"objects",,,,,,,,,,,,
"trollBoulderHit_dust_lvl1",,,"trollBoulderHit_dust_emitter_lvl1",,,,,,,"top",,,,,,,,,,,,
,,,"trollBoulderHit_radius_emitter",,,,,,,,,,,,,,,,,,,
"trollBoulderHit_dust_lvl2",,,"trollBoulderHit_dust_emitter_lvl2",,,,,,,"top",,,,,,,,,,,,
,,,"trollBoulderHit_radius_emitter",,,,,,,,,,,,,,,,,,,
"trollBoulder_trail_lvl1",,,"trollBoulder_dust_emitter_lvl1",,,"TRUE","FALSE",,"TRUE","top",,,,,,,,,,,,
"trollBoulder_trail_lvl2",,,"trollBoulder_dust_emitter_lvl2",,,"TRUE","FALSE",,"TRUE","top",,,,,,,,,,,,
"trollBoulder_destroyed",,,"trollBoulder_destroyed_emitter",,,,,,,"objects",,,"sfx/rock_troll_explo_01.wav",40,98,102,"sfx/mortar_hit_01.wav",40,120,130,,
"trollBoulder_bounce",,,,,,,,,,"objects",,,"sfx/rock_troll_hit_02.wav",50,96,104,"sfx/explosion_02.wav",60,110,120,,
"trollAttack",,,,,,,,,,,,,"sfx/rock_troll_throw_01.wav",70,98,102,"sfx/giant_attack_06.wav",40,50,55,,
,,,,,,,,,,,,,"sfx/rock_troll_throw_02.wav",70,98,102,,,,,,
"Troll Deploy",,,"Deploy",20,200,,,,,"objects",,,"sfx/rock_troll_dep_02.wav",80,95,105,"sfx/mage_attack_02.wav",60,70,75,,
,,,"Grass",,,,,,,"objects",,,,,,,,,,,,
,,,"Place",,,,,,,"objects",,,,,,,,,,,,
