"Name","ParticleCount","EmissionTime","MinLife","MaxLife","MinHorizAngle","MaxHorizAngle","MinVertAngle","MaxVertAngle","MinSpeed","MaxSpeed","StartX","StartY","StartZ","TargetedEndZ","Gravity","Inertia","Slowdown","StartScale","EndScale","MinRotate","MaxRotate","ParticleFadeOutTime","StartRadius","ParticleSwf","ParticleExportName","ScaleTimeline","OrientToMovement","OrientToParent","BounceFromGround","AdditiveBlend","FadeInTime","FadeOutTime","IsIsoParticle","StartAngleMin","StartAngleMax","ScaleRandomMin","ScaleRandomMax","Alpha"
"String","int","int","int","int","int","int","int","int","int","int","int","int","int","int","int","int","int","int","int","int","int","int","int","String","String","boolean","boolean","boolean","boolean","boolean","int","int","boolean","int","int","int","int","int"
"Collect Gold",20,150,300,1300,0,360,60,90,1200,2000,,,,,1200,4,,50,80,-180,180,300,,"sc/buildings.sc","coin2",,,,"true",,,,,,,,,
"Collect Elixir",30,200,500,1200,0,360,60,90,1200,1500,,,,,1200,1,,50,110,-45,45,300,,"sc/buildings.sc","eli1","true",,,,,,,,,,,,
,,,,,,,,,,,,,,,,,,,,,,,,,"eli2",,,,,,,,,,,,,
,,,,,,,,,,,,,,,,,,,,,,,,,"eli3",,,,,,,,,,,,,
,,,,,,,,,,,,,,,,,,,,,,,,,"eli4",,,,,,,,,,,,,
,,,,,,,,,,,,,,,,,,,,,,,,,"eli5",,,,,,,,,,,,,
,,,,,,,,,,,,,,,,,,,,,,,,,"eli6",,,,,,,,,,,,,
,,,,,,,,,,,,,,,,,,,,,,,,,"eli7",,,,,,,,,,,,,
,,,,,,,,,,,,,,,,,,,,,,,,,"eli8",,,,,,,,,,,,,
,,,,,,,,,,,,,,,,,,,,,,,,,"eli9",,,,,,,,,,,,,
,,,,,,,,,,,,,,,,,,,,,,,,,"eli10",,,,,,,,,,,,,
"Collect Diamonds",20,,1800,2000,0,360,60,90,1300,1800,,,,,200,15,,100,80,0,0,1,,"sc/buildings.sc","found_gem_fx",,,,,,,,,,,,,
"Steal Gold",3,100,300,1300,0,360,80,90,1200,1700,,,,,2400,,,50,80,-180,180,200,,"sc/buildings.sc","coin2",,,,"true",,,,,,,,,
"Steal Elixir",10,200,500,1200,0,360,80,90,1500,1500,,,,,2400,,,50,110,-45,45,300,,"sc/buildings.sc","eli1","true",,,,,,,,,,,,
,,,,,,,,,,,,,,,,,,,,,,,,,"eli2",,,,,,,,,,,,,
,,,,,,,,,,,,,,,,,,,,,,,,,"eli3",,,,,,,,,,,,,
,,,,,,,,,,,,,,,,,,,,,,,,,"eli4",,,,,,,,,,,,,
,,,,,,,,,,,,,,,,,,,,,,,,,"eli5",,,,,,,,,,,,,
,,,,,,,,,,,,,,,,,,,,,,,,,"eli6",,,,,,,,,,,,,
,,,,,,,,,,,,,,,,,,,,,,,,,"eli7",,,,,,,,,,,,,
,,,,,,,,,,,,,,,,,,,,,,,,,"eli8",,,,,,,,,,,,,
,,,,,,,,,,,,,,,,,,,,,,,,,"eli9",,,,,,,,,,,,,
,,,,,,,,,,,,,,,,,,,,,,,,,"eli10",,,,,,,,,,,,,
"XP Gain",40,250,400,1300,0,360,60,90,1000,1500,,,0,,2200,0,,10,60,-90,90,800,10,"sc/buildings.sc","xp_particle","true",,,,,,,,,,,,
,20,,,,,,,,,,,,,,,,,,,,,,,,"xp_particle2",,,,,,,,,,,,,
"TestFX",10,,500,1000,0,360,2,10,100,250,,,100,,2000,0,,100,10,,,200,33,"sc/buildings.sc","cubeparticle_small","true",,,"true",,,,,,,,,
"IsoTestFX",10,,1500,1500,0,360,45,60,300,600,,,0,,2000,,,500,100,,,200,33,"sc/buildings.sc","cubeparticle_small","true",,,"true",,,,,,,,,
"XP Level Up",50,800,2000,3000,0,360,0,90,1000,3000,,,-100,,2000,0,,10,100,,90,5000,300,"sc/buildings.sc","xp_particle",,,,,,,,,,,,,
"Building Destroyed",50,250,1000,2200,0,360,30,90,800,1300,,,0,,3000,10,,70,100,20,90,800,50,"sc/buildings.sc","debris1","true",,,"true",,,,,,,,,
,,,,,,,,,,,,,,,,,,,,,,,,,"debris2",,,,,,,,,,,,,
,,,,,,,,,,,,,,,,,,,,,,,,,"debris3",,,,,,,,,,,,,
,,,,,,,,,,,,,,,,,,,,90,90,,,,"debris4",,,,,,,,,,,,,
,,,,,,,,,,,,,,,,,,,,,,,,,"debris5",,,,,,,,,,,,,
,,,,,,,,,,,,,,,,,,,,,,,,,"debris6",,,,,,,,,,,,,
,,,,,,,,,,,,,,,,,,,,,,,,,"debris7",,,,,,,,,,,,,
,,,,,,,,,,,,,,,,,,,,,0,,,,"debris8",,,,,,,,,,,,,
,,,,,,,,,,,,,,,,,,,,,,,,,"debris9",,,,,,,,,,,,,
,,,,,,,,,,,,,,,,,,,,,,,,,"debris10",,,,,,,,,,,,,
,,,,,,,,,,,,,,,,,,,,40,40,,,,"debris11",,,,,,,,,,,,,
,,,,,,,,,,,,,,,,,,,,,,,,,"debris12",,,,,,,,,,,,,
,,,,,,,,,,,,,,,,,,,,20,45,,,,"debris13",,,,,,,,,,,,,
,,,,,,,,,,,,,,,,,,,,,,,,,"debris14",,,,,,,,,,,,,
,,,,,,,,,,,,,,,,,,,,,,,,,"debris15",,,,,,,,,,,,,
,,,,,,,,,,,,,,,,,,,,,,,,,"debris16",,,,,,,,,,,,,
,,,,,,,,,,,,,,,,,,,,,,,,,"debris17",,,,,,,,,,,,,
,,,,,,,,,,,,,,,,,,,,,,,,,"debris18",,,,,,,,,,,,,
,,,,,,,,,,,,,,,,,,,,,,,,,"debris19",,,,,,,,,,,,,
"Dust",5,300,700,1300,360,360,60,90,100,100,,,,,0,0,,80,120,0,30,50,,"sc/buildings.sc","d1","true",,,,,,,,,,,,
,,,,,,,,,,,,,,,,,,,,,,,,,"d2",,,,,,,,,,,,,
,,,,,,,,,,,,,,,,,,,,,,,,,"d3",,,,,,,,,,,,,
,,,,,,,,,,,,,,,,,,,,,,,,,"d4",,,,,,,,,,,,,
"Smoke",6,100,400,1500,0,360,45,90,4000,5000,,,,,,300,,100,240,-15,15,600,0,"sc/buildings.sc","s1","true",,,,,,,,,,,,
,,,,,,,,,,,,,,,,,,,,,,,,,"s2",,,,,,,,,,,,,
,,,,,,,,,,,,,,,,,,,,,,,,,"s3",,,,,,,,,,,,,
,,,,,,,,,,,,,,,,,,,,,,,,,"s4",,,,,,,,,,,,,
,,,,,,,,,,,,,,,,,,,,,,,,,"d3",,,,,,,,,,,,,
"Grass",3,200,200,600,0,360,20,90,200,780,,,,,3000,40,,30,60,-30,30,300,200,"sc/buildings.sc","g1","true",,,,,,,,,,,,
,,,,,,,,,,,,,,,,,,,,,,,,,"g2",,,,,,,,,,,,,
,,,,,,,,,,,,,,,,,,,,,,,,,"g3",,,,,,,,,,,,,
,,,,,,,,,,,,,,,,,,,,,,,,,"g4",,,,,,,,,,,,,
"MegaGrass",8,400,350,600,0,360,20,50,1000,3000,,,,,500,40,,50,100,-30,30,300,200,"sc/buildings.sc","g2","true",,,,,,,,,,,,
,,,,,,,,,,,,,,,,,,,,,,,,,"g2",,,,,,,,,,,,,
,,,,,,,,,,,,,,,,,,,,,,,,,"g3",,,,,,,,,,,,,
,,,,,,,,,,,,,,,,,,,,,,,,,"g4",,,,,,,,,,,,,
"Dust2",5,150,200,900,0,360,90,90,1000,1500,,,,,0,300,,100,100,0,30,200,100,"sc/buildings.sc","d1","true",,,,,,,,,,,,
,,,,,,,,,,,,,,,,,,,,,,,,,"d2",,,,,,,,,,,,,
,,,,,,,,,,,,,,,,,,,,,,,,,"d3",,,,,,,,,,,,,
,,,,,,,,,,,,,,,,,,,,,,,,,"d4",,,,,,,,,,,,,
"Cannon",3,300,200,2000,0,360,90,90,1000,3000,,,-20,,,60,,70,140,0,30,500,80,"sc/buildings.sc","d1","true",,,,,,,,,,,,
,,,,,,,,,,,,,,,,,,,,,,,,,"d2",,,,,,,,,,,,,
,,,,,,,,,,,,,,,,,,,,,,,,,"d3",,,,,,,,,,,,,
,,,,,,,,,,,,,,,,,,,,,,,,,"d4",,,,,,,,,,,,,
"Trap",15,200,400,800,,,80,100,300,2000,,,,,0,0,,70,100,0,30,500,1,"sc/buildings.sc","d1","true",,,,,,,,,,,,
,,,,,,,,,,,,,,,,,,,,,,,,,"d2",,,,,,,,,,,,,
,,,,,,,,,,,,,,,,,,,,,,,,,"d3",,,,,,,,,,,,,
,,,,,,,,,,,,,,,,,,,,,,,,,"d4",,,,,,,,,,,,,
"Ring",1,,300,800,0,360,0,0,2000,3000,,,,,,100,,1,160,,,200,,"sc/buildings.sc","r1","true",,,,,,,,,,,,
,,,,,,,,,,,,,,,,,,,,,,,,,"r1",,,,,,,,,,,,,
"Deploy",1,1,300,300,0,360,0,0,,,,,,,,,,1,120,,,100,,"sc/buildings.sc","Deploy","true",,,,,,,,,,,,
"Place",3,50,200,600,0,360,0,0,100,400,,,,,0,50,,0,130,0,30,200,100,"sc/buildings.sc","d1","true",,,,,,,,,,,,
,,,,,,,,,,,,,,,,,,,,,,,,,"d2",,,,,,,,,,,,,
,,,,,,,,,,,,,,,,,,,,,,,,,"d3",,,,,,,,,,,,,
,,,,,,,,,,,,,,,,,,,,,,,,,"d4",,,,,,,,,,,,,
"Rocks",3,200,200,600,0,360,20,90,200,780,,,,,3500,40,,100,100,-30,30,300,100,"sc/buildings.sc","debris3","true",,,"true",,,,,,,,,
,,,,,,,,,,,,,,,,,,,,,,,,,"debris1",,,,,,,,,,,,,
"Wood",3,200,200,600,0,360,20,90,200,780,,,,,3500,40,,20,50,-30,30,300,100,"sc/buildings.sc","debris11","true",,,"true",,,,,,,,,
,,,,,,,,,,,,,,,,,,,,,,,,,"debris14",,,,,,,,,,,,,
"Hit",2,1,100,300,0,360,0,0,1,1,,,0,,0,0,,60,120,10,-10,300,30,"sc/buildings.sc","Hit","true",,,,,,,,,,,,
,,,,,,,,,,,,,,,,,,,,,,,,,"s1",,,,,,,,,,,,,
,,,,,,,,,,,,,,,,,,,,,,,,,"s2",,,,,,,,,,,,,
"Splat",7,1,300,500,0,360,0,0,50,100,,,0,,100,0,,70,120,10,-10,300,30,"sc/buildings.sc","eli3","true",,,,,,,,,,,,
,,,,,,,,,,,,,,,,,,,,,,,,,"eli4",,,,,,,,,,,,,
,,,,,,,,,,,,,,,,,,,,,,,,,"eli3",,,,,,,,,,,,,
,,,,,,,,,,,,,,,,,,,,,,,,,"splat2",,,,,,,,,,,,,
"DefenceHit",2,100,200,1000,0,360,45,90,4000,5000,,,,,,300,,50,100,-15,15,800,0,"sc/buildings.sc","s1","true",,,,,,,,,,,,
,,,,,,,,,,,,,,,,,,,,,,,,,"s2",,,,,,,,,,,,,
,,,,,,,,,,,,,,,,,,,,,,,,,"s3",,,,,,,,,,,,,
,,,,,,,,,,,,,,,,,,,,,,,,,"s4",,,,,,,,,,,,,
"SplatBig",20,1,300,600,0,360,0,0,50,100,,,0,,100,0,,100,150,10,-10,400,50,"sc/buildings.sc","eli3","true",,,,,,,,,,,,
,,,,,,,,,,,,,,,,,,,,,,,,,"eli4",,,,,,,,,,,,,
,,,,,,,,,,,,,,,,,,,,,,,,,"eli5",,,,,,,,,,,,,
,,,,,,,,,,,,,,,,,,,,,,,,,"splat",,,,,,,,,,,,,
"MortarHit",40,100,400,1500,0,360,45,90,4000,5000,,,,,,300,,100,240,-15,15,600,0,"sc/buildings.sc","s1","true",,,,,,,,,,,,
,,,,,,,,,,,,,,,,,,,,,,,,,"s2",,,,,,,,,,,,,
,,,,,,,,,,,,,,,,,,,,,,,,,"s3",,,,,,,,,,,,,
"Stone",5,250,1000,2200,0,360,30,90,800,1000,,,0,,4000,10,,100,120,20,90,800,50,"sc/buildings.sc","debris12","true",,,"true",,,,,,,,,
,,,,,,,,,,,,,,,,,,,,,,,,,"debris13",,,,,,,,,,,,,
,,,,,,,,,,,,,,,,,,,,,,,,,"debris17",,,,,,,,,,,,,
,,,,,,,,,,,,,,,,,,,,,,,,,"debris18",,,,,,,,,,,,,
"Fire",15,800,1000,1500,-2,2,-20,-20,1300,1800,,,170,,-50,20,,25,110,-5,5,400,130,"sc/buildings.sc","fireball3b","true",,"true","true","true",,,,,,,,
"FireStart",17,600,100,1200,-2,2,-20,-20,500,2500,,,150,,-50,40,,50,30,0,0,200,130,"sc/buildings.sc","fireball3b","true","true","true","true","true",50,,,,,,,
"FireEnd",10,750,1500,2200,-5,5,-10,-20,600,1300,,,170,,-33,15,,33,150,,,600,130,"sc/buildings.sc","fireball3c","true",,"true","true",,,,,,,,,
"Smoke_small",0,700,1000,2100,-9,9,2,2,1000,2000,,,170,,-50,20,,70,100,-40,-40,1000,130,"sc/buildings.sc","fireball3c","true",,"true",,,,,,,,,,
,,,,,,,,,,,,,,,,,,,,,,,,,"s2",,,,,,,,,,,,,
,,,,,,,,,,,,,,,,,,,,,,,,,"s3",,,,,,,,,,,,,
,,,,,,,,,,,,,,,,,,,,,,,,,"s4",,,,,,,,,,,,,
"Spark",5,500,1200,1600,-12,12,-30,-30,400,1000,,,220,,50,3,,20,70,90,90,1200,130,"sc/buildings.sc","firez5","true",,"true","true","true",,,,,,,,
"fireball_trail_emitter",1,150,100,140,-10,10,-3,3,10,20,,,10,,10,,,100,1,,,300,,"sc/buildings.sc","fireball1_projectile",,"true","true",,"true",,,,,,,,
"mortar_trail",2,160,300,800,,,,,10,20,,,10,,,,,50,200,-90,90,500,,"sc/buildings.sc","s3",,,"true",,,,,,,,,,
,,,,,,,,,,,,,,,,,,30,300,-90,90,,,,"s4",,,,,,,,,,,,,
"blue_fireball_trail_emitter",2,160,300,800,,,,,10,20,,,10,,,,,100,5,,,500,,"sc/buildings.sc","blue_fireball_trail",,,"true",,"true",,,,,,,,
,,,,,,,,,,,,,,,,,,10,200,,,,,,"s3",,,,,,,,,,,,,
,,,,,,,,,,,,,,,,,,100,5,,,,,,"blue_fireball_trail",,,,,,,,,,,,,
,,,,,,,,,,,,,,,,,,10,300,,,,,,"s4",,,,,,,,,,,,,
,,,,,,,,,,,,,,,,,,100,5,,,,,,"blue_fireball_trail",,,,,,,,,,,,,
"firework_trail_emitter",3,160,300,800,,,,,10,20,,,10,,,,,5,100,-90,90,800,,"sc/buildings.sc","looping_sparks1",,,"true",,"true",,,,,,,,
,,,,,,,,,,,,,,,,,,30,300,-90,90,,,,"s4",,,,,,,,,,,,,
"Building Ready",2,300,500,1200,0,0,0,0,100,200,,,185,,0,100,,100,100,0,0,1,,"sc/buildings.sc","speed_up_fx","true",,,,,,,,,,,,
"Super_Bomb",25,50,1000,1800,0,360,45,90,4000,5000,,,,,,300,,100,240,-15,15,600,150,"sc/buildings.sc","d3","true",,,,,,,,,,,,
"Lightning_1",1,1,180,220,0,360,90,90,1,1,,,100,,,60,,1,100,0,30,30,80,"sc/buildings.sc","lightning_arc_1","true",,,,"true",,,,,,,,
"Lightning_2",2,1,180,220,0,360,90,90,1,1,,,100,,,60,,1,100,0,30,30,80,"sc/buildings.sc","lightning_arc_1","true",,,,"true",,,,,,,,
,,,100,300,,,,,,,,,,,,,,,,,,,,,"lightning_arc_2",,,,,,,,,,,,,
"Lightning_3",3,1,180,220,0,360,90,90,1,1,,,100,,,60,,1,100,0,30,30,80,"sc/buildings.sc","lightning_arc_1","true",,,,"true",,,,,,,,
,,,100,300,,,,,,,,,,,,,,,,,,,,,"lightning_arc_2",,,,,,,,,,,,,
,,,90,450,,,,,,,,,,,,,,,,,,,,,"lightning_arc_3",,,,,,,,,,,,,
"Lightning_4",5,1,180,220,0,360,90,90,1,1,,,100,,,60,,1,100,0,30,30,80,"sc/buildings.sc","lightning_arc_1","true",,,,"true",,,,,,,,
,,,100,300,,,,,,,,,,,,,,,,,,,,,"lightning_arc_2",,,,,,,,,,,,,
,,,90,450,,,,,,,,,,,,,,,,,,,,,"lightning_arc_3",,,,,,,,,,,,,
,,,70,500,,,,,,,,,,,,,,,,,,,,,"lightning_arc_2",,,,,,,,,,,,,
"Tesla_lvl7_attack",1,1,700,700,,,,,,,,,100,,,,,,,,,150,,"sc/buildings.sc","teslatower_lvl7_attack",,,,,,,,,,,,,
"Tesla_lvl8_attack",1,1,700,700,,,,,,,,,100,,,,,,,,,150,,"sc/buildings.sc","teslatower_lvl8_attack",,,,,,,,,,,,,
"Tesla_spark_1",5,500,100,250,-360,360,50,50,300,300,,,0,,2000,0,,20,120,-40,40,80,20,"sc/buildings.sc","spark_1","true",,,"true","true",,,,,,,,
"Tesla_spark_2",10,1,500,650,50,360,50,50,500,800,,,15,,2000,15,,90,100,180,180,200,0,"sc/buildings.sc","spark_2",,,,"true",,,,,,,,,
"Wizard_Tower_attack",1,1,400,400,0,360,90,90,1,1,,,125,,,60,,10,50,0,0,30,80,"sc/buildings.sc","wizard_tower_blast","true",,,,"true",,,,,,,,
"Wizard_Tower_attack_lv6",1,1,400,400,0,360,90,90,1,1,,,125,,,60,,10,50,0,0,30,80,"sc/buildings.sc","wizard_tower_blast6","true",,,,"true",,,,,,,,
"Wizard_Tower_hit",1,10,600,750,0,360,0,0,1,1,,,0,,0,20,,20,120,10,-10,500,0,"sc/buildings.sc","wizard_tower_explosion","true",,,,"true",,,,,,,,
"Wizard_Tower_hit2",3,10,450,500,0,360,0,0,1,1,,,40,,0,20,,20,120,10,-10,800,50,"sc/buildings.sc","wizard_tower_explosion","true",,,,"true",,,,,,,,
"Wizard_Tower_lightFlash",1,1,200,200,,,,,,,,,,,,,,50,120,,,250,,"sc/buildings.sc","spell_range_marker_3","true",,,,"true",,,,,,,,
"Wizard_Tower_lightFlash2",1,1,500,500,,,,,,,,,,,,,,100,200,,,700,,"sc/buildings.sc","spell_range_marker_3","true",,,,"true",,,,,,,,
"Wizard_Tower_lightFlash3",2,1,200,200,,,,,,,,,,,,,,50,120,,,250,,"sc/buildings.sc","spell_range_marker_3","true",,,,"true",,,,,,,,
"Wizard_attack2",1,1,400,400,0,360,90,90,1,1,,,,,,60,,15,50,,,30,30,"sc/buildings.sc","wizard_tower_blast","true",,,,"true",,,,,,,,
"Wizard_attack6",1,1,400,400,0,360,90,90,1,1,,,,,,60,,15,50,,,30,30,"sc/buildings.sc","wizard_tower_blast6","true",,,,"true",,,,,,,,
"Wizard_attack_streaks",4,10,250,300,0,0,0,0,0,0,,,35,,,,,100,10,-5,5,200,0,"sc/buildings.sc","wizard_blast_streakfx1",,,,,"true",33,100,,,,,,
,,,,,,,,,,,,,,,,,,,,,,,,,"wizard_blast_streakfx2",,,,,,,,,,,,,
,,,,,,,,,,,,,,,,,,,,,,,,,"wizard_blast_streakfx3",,,,,,,,,,,,,
,,,,,,,,,,,,,,,,,,,,,,,,,"wizard_blast_streakfx4",,,,,,,,,,,,,
"Wizard_attack_rings",1,1,80,250,0,360,90,90,1,1,,,20,,,,,80,80,,,100,0,"sc/buildings.sc","wizard_blast_ringfx_end","true",,,,"true",,,,,,,,
"LightningSky",3,1,300,300,0,360,90,90,1,1,,,4000,,,60,,1,100,0,30,300,80,"sc/buildings.sc","lightning_arc_spell","true",,,,"true",,,,,,,,
"Force",1,10,250,250,0,0,0,0,1,10,,,,,,100,,20,60,,,500,,"sc/buildings.sc","cannon_range_marker_white","true",,,,,,,,,,,,
"Explosion_1",25,1,2800,3200,0,360,10,10,150,325,,,-50,,-5,45,,80,180,-30,30,500,80,"sc/buildings.sc","d5","true",,,,,,,,,,,,
"Explosion_2",12,1,2700,3200,0,360,10,10,80,150,,,-40,,-8,50,,100,180,-30,30,600,50,"sc/buildings.sc","d4","true",,,,,,,,,,,,
"Explosion_3",8,1,800,1200,,,80,100,200,1500,,,-25,,0,30,,70,100,0,30,500,1,"sc/buildings.sc","d5","true",,,,,,,,,,,,
"Explosion_4",15,1,1600,3000,0,360,45,90,2800,3800,,,35,,-20,200,,100,240,-15,15,600,110,"sc/buildings.sc","d5","true",,,,,,,,,,,,
"Explosion_flash",1,1,150,150,,,,,,,,,250,,,,,300,350,,,100,,"sc/buildings.sc","spell_range_marker_3","true",,,,"true",,,,,,,,
"bomb_crater",1,1,100000,100000,0,0,0,0,0,0,,,200,,0,0,,200,200,0,0,3000,,"sc/buildings.sc","bomb_crater","true",,,,,,,,,,,,
"bomb_crater_small",1,1,6500,6500,0,0,0,0,0,0,,,120,,0,0,,150,150,0,0,3000,,"sc/buildings.sc","bomb_crater","true",,,,,,,,,,,,
"explosion_blast",3,1,500,500,0,0,0,0,0,0,,,50,,0,0,,200,200,0,0,500,,"sc/buildings.sc","d4",,,,,"true",,,,,,,,
"Fire_explosion",7,1,400,800,0,90,-20,-20,20,50,,,-20,,-60,20,,80,150,-5,5,600,80,"sc/buildings.sc","fireball3b","true",,"true","true","true",,,,,,,,
"Fire_balls",5,2,800,1500,0,360,0,90,600,1500,,,10,,1000,15,,8,10,0,90,1500,40,"sc/buildings.sc","fireball3b","true",,"true","true","true",,,,,,,,
"Fire_ballsBig",10,100,600,1000,0,360,0,90,400,1000,,,10,,1000,15,,12,5,0,90,1500,25,"sc/buildings.sc","fireball3b","true",,"true","true","true",,,,,,,,
"Stone_explosion",5,2,500,1000,0,360,30,90,2000,2500,,,0,,4000,5,,100,120,20,90,100,50,"sc/buildings.sc","debris12","true","true",,"true",,,,,,,,,
,,,,,,,,,,,,,,,,,,,,,,,,,"debris13",,,,,,,,,,,,,
,,,,,,,,,,,,,,,,,,,,,,,,,"debris17",,,,,,,,,,,,,
,,,,,,,,,,,,,,,,,,,,,,,,,"debris18",,,,,,,,,,,,,
"mortar_trail_lvl6",1,50,600,800,0,360,10,10,80,150,,,10,,100,,,50,80,0,90,600,15,"sc/buildings.sc","fireball3b","true",,"true",,"true",,,,,,,,
,2,160,300,800,,,,,300,750,,,,,1000,,,5,10,-90,90,300,15,"sc/buildings.sc","firez5","true",,,,,,,,,,,,
"MortarHit_lvl6",20,100,1200,2000,0,360,45,90,4000,5000,,,,,,300,,100,240,-15,15,600,0,"sc/buildings.sc","s1","true",,,,,,,,,,,,
,20,1,1200,2000,0,360,10,10,300,750,,,-50,,-5,60,,80,180,-50,50,800,50,"sc/buildings.sc","d5","true",,,,,,,,,,,,
,15,1,1800,2700,0,360,10,10,80,150,,,-40,,-8,50,,100,180,-30,30,600,30,"sc/buildings.sc","d4","true",,,,,,,,,,,,
"MortarHit_lvl8",10,100,800,1500,0,360,33,45,100,200,80,,-50,,600,10,,400,100,-5,5,600,100,"sc/buildings.sc","spark_flame",,,"true","true","true",,600,,,,,,
"Explosion_1_small",15,1,800,1200,0,360,10,10,300,750,,,-50,,-5,60,,60,140,-50,50,500,50,"sc/buildings.sc","d5","true",,,,,,,,,,,,
"heal_ring",1,1,20000,20000,,,,,,,,,,,,,,194,199,,,22000,,"sc/buildings.sc","spell_range_marker","true",,,,"true",,,,,,,,
"heal_ring2",1,1,20000,20000,,,,,,,,,,,,,,194,194,,,50000,,"sc/buildings.sc","spell_range_marker_2","true",,,,"true",,,,,,,,
"heal_ring3",3,100,200,200,,,,,1,10,,,,,,,,29,210,,,400,,"sc/buildings.sc","spell_range_marker_2","true",,,,"true",,,,,,,,
"heal_ring4",18,15500,1500,1500,,,,,,,,,,,,,,200,219,,,5500,,"sc/buildings.sc","spell_range_marker","true",,,,"true",,,,,,,,
"heal_ring5",1,1,20000,20000,,,,,,,,,40,,,,,272,272,,,25000,,"sc/buildings.sc","spell_range_marker_3","true",,,,"true",,,,,,,,
"heal_ring_lightrays",200,13000,400,500,0,360,0,0,1300,1300,,,10,,-1000,200,,40,250,,,550,310,"sc/buildings.sc","HealSpell_lightbeam","true",,,,"true",,,,,,,,
"heal_ring_effect",10,300,700,800,0,360,,-90,4000,5000,,,110,,-700,50,,10,350,,,2800,100,"sc/buildings.sc","HealSpell_lightbeam","true",,,,"true",,,,,,,,
"heal_ring_effect2",2,2,800,1500,0,360,0,90,600,1500,,,0,,-10000,200,,8,10,0,90,1500,200,"sc/buildings.sc","fireball3b","true",,,,"true",,,,,,,,
"Lightning_area_effect1",18,1500,300,1000,0,0,0,0,0,0,,,100,,-3000,50,,20,350,0,0,100,200,"sc/buildings.sc","wind_1","true",,,,,,,,,,,,
"Lightning_area_effect2",10,1500,300,1000,0,0,0,0,0,0,,,100,,-20000,50,,20,360,0,0,100,200,"sc/buildings.sc","wind_2","true",,,,,,,,,,,,
"Lightning_area_effect3",15,1500,300,1000,0,0,0,0,0,0,,,100,,-20000,50,,20,180,0,0,100,200,"sc/buildings.sc","wind_3","true",,,,,,,,,,,,
"Lightning_area_effect4",10,1500,300,1000,0,0,0,0,0,0,,,100,,-20000,50,,20,300,0,0,100,200,"sc/buildings.sc","wind_1","true",,,,,,,,,,,,
"Lightning_area_effect5",15,1500,300,1000,0,0,0,0,0,0,,,100,,-20000,50,,20,300,0,0,100,200,"sc/buildings.sc","wind_3","true",,,,,,,,,,,,
"Lightning_areaTesla_effect1",12,1500,250,350,-360,360,50,50,300,300,,,0,,2000,0,,20,100,-40,40,220,20,"sc/buildings.sc","spark_1","true",,,"true","true",,,,,,,,
"Lightning_area_ring",3,100,200,1500,,,,,1,10,,,,,,100,,150,20,,,2500,,"sc/buildings.sc","spell_range_marker_2","true",,,,"true",,,,,,,,
"lightning_bottleDrop",1,1,800,800,,,,,,,,,,,,,,100,100,,,,,"sc/buildings.sc","lightning_bottleDrop","true",,,,,,,,,,,,
"heal_bottleDrop",1,1,800,800,,,,,,,,,,,,,,100,100,,,,,"sc/buildings.sc","heal_bottleDrop","true",,,,,,,,,,,,
"rage_bottleDrop",1,1,800,800,,,,,,,,,,,,,,100,100,,,,,"sc/buildings.sc","rage_bottleDrop","true",,,,,,,,,,,,
"jump_bottleDrop",1,1,800,800,,,,,,,,,,,,,,100,100,,,,,"sc/buildings.sc","jump_bottleDrop","true",,,,,,,,,,,,
"xmas_bottleDrop",1,1,800,800,,,,,,,,,,,,,,100,100,,,,,"sc/buildings.sc","xmas_bottleDrop","true",,,,,,,,,,,,
"rage_smokeRing",8,1,400,1000,0,360,3,5,3200,4000,,,-50,,,22,,1,200,-40,90,700,-100,"sc/buildings.sc","rage_purpleSmoke","true",,,,,,,,,,,,
"rage_smokeRing2",8,1,400,1000,0,360,3,5,3200,4000,,,-50,,,22,,1,200,-180,180,700,-100,"sc/buildings.sc","rage_purpleSmoke","true",,,,,,,,,,,,
"rage_smokeRing3",4,1,2500,3000,0,360,30,100,500,1000,,,-150,,0,33,,200,280,-180,180,23000,1,"sc/buildings.sc","rage_purpleSmoke","true",,,,,,,,,,,,
"rage_smokeRing4",10,1,2500,3000,0,360,10,20,300,500,,,-100,,-2,22,,280,300,-180,180,23000,1,"sc/buildings.sc","rage_purpleSmoke","true",,,,,,,,,,,,
"rage_smokeRing5",3,1,2500,3000,0,360,30,100,200,2000,,,-75,,0,35,,100,140,-180,180,23000,1,"sc/buildings.sc","rage_purpleSmoke","true",,,,,,,,,,,,
"rage_ring",1,1,26000,15000,,,,,,,,,,,,100,,,,,,40000,,"sc/buildings.sc","spell_range_marker","true",,,,"true",,,,,,,,
"rage_ring2",0,1,17000,17000,,,,,,,,,,,,,,,,,,50000,,"sc/buildings.sc","spell_range_marker_2","true",,,,"true",,,,,,,,
"rage_ring3",20,15000,1200,1200,,,,,1,10,,,,,,100,,,,,,6000,,"sc/buildings.sc","spell_range_marker_2","true",,,,"true",,,,,,,,
"rage_rangeRing1",1,1,20000,20000,,,,,,,,,,,,,,130,120,,,10000,,"sc/buildings.sc","rage_rangeRing1","true",,,,"true",,,,,,,,
"rage_rangeRing2",1,1,20000,20000,,,,,,,,,3,,,,,144,140,,,140000,,"sc/buildings.sc","spell_range_marker_2","true",,,,"true",,,,,,,,
"rage_rangeRing3",1,1,20000,20000,,,,,,,,,3,,,,,190,169,,,40000,,"sc/buildings.sc","spell_range_marker_2","true",,,,"true",,,,,,,,
"rage_glowPurple",1,1,20000,20000,,,,,,,,,40,,,,,1000,800,,,1000,,"sc/buildings.sc","rage_glowPurple","true",,,,"true",,,,,,,,
"rage_flyingLine1",5,12000,8000,8000,,,,,,,,,,,,,,130,120,,,5000,200,"sc/buildings.sc","rage_flyingLines","true",,,,"true",,,,,,,,
"rage_flyingLine2",5,12000,8000,8000,,,,,,,,,,,-30,2,,110,21,,,3000,220,"sc/buildings.sc","rage_flyingLines","true",,,,"true",,,,,,,,
"rage_flyingLine3",5,12000,8000,8000,,,,,,,,,,,-20,2,,100,21,,,3000,200,"sc/buildings.sc","rage_flyingLines","true",,,,"true",,,,,,,,
"rage_flyingLine4",5,15000,4000,5000,,,,,,,,,,,-12,3,,100,21,,,4000,200,"sc/buildings.sc","rage_flyingLines","true",,,,"true",,,,,,,,
"rage_flyingLine5",5,12000,8000,8000,,,,,,,,,,,-5,3,,100,21,,,4000,200,"sc/buildings.sc","rage_flyingLines","true",,,,"true",,,,,,,,
"rage_glowParticles",11,18500,800,1500,0,360,,,200,,,,,,,,,40,20,-180,180,500,200,"sc/buildings.sc","glowParticle","true","true",,,"true",,,,,,,,
"rage_glowParticles2",11,18500,800,1500,0,360,,,200,,,,,,-50,,,80,20,-180,180,250,100,"sc/buildings.sc","glowParticle","true","true",,,"true",,,,,,,,
"rage_rangeRingOutter",30,18000,900,1500,,,90,90,100,120,,,,,,,,135,50,,,8000,,"sc/buildings.sc","spell_range_marker","true",,,,"true",,,,,,,,
"Cannon_flash",5,120,700,850,-10,10,-5,5,500,500,,,70,,,15,,30,100,-40,90,2000,50,"sc/buildings.sc","d5","true",,"true",,,,,,,,,,
"Cannon_smoke",15,30,1400,1800,-40,40,-40,40,-230,-500,,,70,,-25,100,,50,70,-180,180,4000,50,"sc/buildings.sc","d5","true",,"true",,,,,,,,,,
"Cannon_fireBalls",5,1,400,750,-20,20,-20,20,300,800,,,70,,500,,,8,10,0,90,1500,50,"sc/buildings.sc","fireball3b","true",,"true","true","true",,,,,,,,
"cannon_lightFlash",1,1,180,180,,,,,,,,,60,,,,,70,50,,,100,,"sc/buildings.sc","spell_range_marker_3","true",,,,"true",,,,,,,,
"Cannon_flash2",5,120,700,850,-10,10,-5,5,500,500,,,70,,,15,,30,150,-40,90,2000,70,"sc/buildings.sc","d5","true",,"true",,,,,,,,,,
"Cannon_smoke2",15,30,1400,1800,-40,40,-40,40,-230,-500,,,70,,-25,100,,50,120,-180,180,4000,70,"sc/buildings.sc","d5","true",,"true",,,,,,,,,,
"Cannon_fireBalls2",5,1,400,750,-20,20,-20,20,300,800,,,70,,500,,,8,20,0,90,1500,70,"sc/buildings.sc","fireball3b","true",,"true","true","true",,,,,,,,
"cannon_lightFlash2",1,1,180,180,,,,,,,,,60,,,,,70,100,,,100,,"sc/buildings.sc","spell_range_marker_3","true",,,,"true",,,,,,,,
"Cannon_flash3",30,120,700,850,-10,10,-5,5,10,900,,,70,,,15,,30,150,-40,90,2000,70,"sc/buildings.sc","d5","true",,"true",,,,,,,,,,
"Cannon_smoke3",40,30,1000,1800,-20,20,-20,20,0,50,,,70,,-25,50,,50,120,-180,180,4000,70,"sc/buildings.sc","d5","true",,"true",,,,,,,,,,
"Cannon_fireBalls3",0,30,400,750,-15,15,-15,15,5,1000,,,70,,500,15,,14,8,0,90,1500,70,"sc/buildings.sc","fireball3b","true",,"true","true","true",,,,,,,,
"cannon_lightFlash3",6,20,60,180,-10,10,-10,10,5,100,,,70,,,,,40,80,,,100,,"sc/buildings.sc","spell_range_marker_3","true",,,,"true",,,,,,,,
"Mortar_flash",8,220,700,850,-10,10,-5,5,500,500,,,90,,,15,,30,150,-40,90,1000,10,"sc/buildings.sc","d5","true",,"true",,,,,,,,,,
"Mortar_smoke",7,30,1500,1700,-40,40,-40,40,-90,-150,,,90,,-25,30,,50,100,-40,40,1000,10,"sc/buildings.sc","d5","true",,"true",,,,,,,,,,
"Mortar_smoke2",7,1100,6200,6500,0,360,10,10,10,50,,,90,,-5,15,,60,80,-40,40,6500,10,"sc/buildings.sc","d6","true",,"true",,,,,,,,,,
"Mortar_fireBalls",6,1,400,750,0,360,70,90,300,500,,,130,,500,,,2,15,0,90,1000,10,"sc/buildings.sc","fireball3b","true",,"true","true","true",,,,,,,,
"Mortar_lightFlash",1,1,180,180,,,,,,,,,,,,,,100,150,,,100,,"sc/buildings.sc","spell_range_marker_3","true",,,,"true",,,,,,,,
"Explosive_arrow",8,1,750,900,,,80,100,200,1000,,,50,,0,60,,70,100,0,30,500,1,"sc/buildings.sc","d5","true",,,,,,,,,,,,
"Explosive_arrow2",1,1,350,350,0,360,0,0,1,1,,,50,,0,20,,20,90,10,-10,400,0,"sc/buildings.sc","wizard_tower_explosion",,,,,"true",,,,,,,,
"Arrow_Tower_lightFlash",1,1,160,160,,,,,,,,,,,,,,30,50,,,340,,"sc/buildings.sc","spell_range_marker_3","true",,,,"true",,,,,,,,
"AirDefence1_hit1",3,300,250,300,0,360,0,90,20,50,,,200,,-60,20,,1,90,-5,5,100,30,"sc/buildings.sc","fireball3b","true",,"true","true","true",,,,,,,,
"AirDefence1_hit2",10,2,800,1500,0,360,0,90,600,1500,,,200,,1000,23,,7,9,0,90,2000,1,"sc/buildings.sc","fireball3b","true",,"true","true","true",,,,,,,,
"AirDefence1_hit3",1,300,600,1200,0,360,0,0,1,1,,,200,,0,20,,20,100,10,-10,500,0,"sc/buildings.sc","wizard_tower_explosion","true",,,,"true",,,,,,,,
"AirDefence2_hit1",4,300,250,300,0,360,0,90,20,50,,,200,,-60,20,,1,125,-5,5,100,30,"sc/buildings.sc","fireball3b","true",,"true","true","true",,,,,,,,
"AirDefence2_hit2",15,2,500,1500,0,360,0,90,600,1500,,,200,,1000,23,,7,9,0,90,2000,1,"sc/buildings.sc","fireball3b","true",,"true","true","true",,,,,,,,
"AirDefence2_hit3",1,500,600,1200,0,360,0,0,1,1,,,200,,0,20,,20,110,10,-10,300,0,"sc/buildings.sc","wizard_tower_explosion","true",,,,"true",,,,,,,,
"AirDefence2_hit4",3,500,450,500,0,360,0,0,1,1,,,200,,0,20,,20,110,10,-10,400,60,"sc/buildings.sc","wizard_tower_explosion","true",,,,"true",,,,,,,,
"AirDefence3_hit1",5,400,250,300,0,360,0,90,20,50,,,200,,-60,20,,1,150,-5,5,100,40,"sc/buildings.sc","fireball3b","true",,"true","true","true",,,,,,,,
"AirDefence3_hit2",20,2,500,1500,0,360,0,90,600,1500,,,200,,1000,23,,7,9,0,90,2000,1,"sc/buildings.sc","fireball3b","true",,"true","true","true",,,,,,,,
"AirDefence3_hit3",1,900,600,1200,0,360,0,0,1,1,,,200,,0,20,,20,120,10,-10,300,0,"sc/buildings.sc","wizard_tower_explosion","true",,,,"true",,,,,,,,
"AirDefence3_hit4",5,900,450,500,0,360,0,0,1,1,,,200,,0,20,,20,120,10,-10,400,85,"sc/buildings.sc","wizard_tower_explosion","true",,,,"true",,,,,,,,
"healer_projectile_trail",1,10,300,300,0,360,,90,10,20,,,,,,,,300,50,,,200,,"sc/buildings.sc","HealSpell_lightbeam",,,"true",,,,,,,,,,
"healer_lightrays",10,400,400,500,0,360,0,0,1300,1300,,,10,,-1000,200,,40,250,,,550,90,"sc/buildings.sc","HealSpell_lightbeam","true",,,,"true",,,,,,,,
"healer_rings",3,150,300,300,,,,,1,10,,,,,,,,20,75,,,400,,"sc/buildings.sc","spell_range_marker_2","true",,,,"true",,,,,,,,
"Elixir Storage Destroyed",25,150,1000,1800,0,360,30,90,1000,1600,,,0,,3000,15,,50,80,20,90,1500,80,"sc/buildings.sc","glassDebris2","true","true",,"true",,,,,,,,,
,10,,1000,1800,,,,,1000,1600,,,,,,,,50,80,,,1500,,,"glassDebris1",,,,,,,,,,,,,
,40,,1000,1800,,,,,1000,1600,,,,,,,,50,80,,,1500,,,"glassDebris3",,,,,,,,,,,,,
,25,,1000,1800,,,,,1600,2300,,,,,,,,60,120,,,1500,,,"glassDebris4",,,,,,,,,,,,,
,5,,1200,2200,,,,,1000,1600,,,,,,,,50,80,,,600,,,"debris5",,,,,,,,,,,,,
,5,,1200,2200,,,,,1000,1600,,,,,,,,50,80,,,600,,,"debris6",,,,,,,,,,,,,
,5,,1200,2200,,,,,1000,1600,,,,,,,,50,80,,,600,,,"debris7",,,,,,,,,,,,,
,5,,1200,2200,,,,,1000,1600,,,,,,,,50,80,,,600,,,"debris8",,,,,,,,,,,,,
"Rapidfire_bow_attack",1,1100,3200,3500,0,360,5,5,10,50,,,100,,-10,10,,60,120,-40,40,4000,,"sc/buildings.sc","d6","true",,"true",,,,,,,,,,
"jump_glowGreen_lvl1",1,1,20000,20000,,,,,,,,,40,,,,,560,560,,,700,,"sc/buildings.sc","jump_glowGreen",,,,,"true",,,,,,,,
"jump_deploy_range_lvl1",1,1,20000,20000,,,,,,,,,3,,,,,133,133,,,35000,,"sc/buildings.sc","spell_range_marker_2","true",,,,"true",,,,,,,,
"jump_deploy_range_anim_lvl1",12,20500,1600,1600,,,90,90,500,600,,,3,,1500,5,,133,133,,,8000,,"sc/buildings.sc","spell_range_marker_2","true",,,"true","true",,,,,,,,
"jump_deploy_range_anim2_lvl1",0,20500,1600,1600,,,90,90,600,800,,,3,,1500,5,,133,133,,,8000,,"sc/buildings.sc","spell_range_marker_2","true",,,"true","true",,,,,,,,
"jump_ring_anim_lvl1",1,1,20000,20000,,,,,,,,,,,,,,136,130,,,36000,,"sc/buildings.sc","spell_range_marker","true",,,,"true",,,,,,,,
"jump_balls_lvl1",20,20500,2700,3000,0,360,85,90,800,2000,,,-4000,,2000,5,,8,8,,,1500,4000,"sc/buildings.sc","fireball3b","true",,"true","true","true",,,,,,,,
"jump_balls2_lvl1",20,20500,2700,3000,0,360,85,90,800,1500,,,-4000,,2000,5,,8,8,,,1500,4000,"sc/buildings.sc","fireball3b","true",,"true","true","true",,,,,,,,
"jump_balls3_lvl1",20,20500,2700,3000,0,360,85,90,500,1200,,,-4000,,2000,5,,8,8,,,1500,4000,"sc/buildings.sc","fireball3b","true",,"true","true","true",,,,,,,,
"jump_balls4_lvl1",20,20500,2700,3000,0,360,85,90,800,1200,,,-4000,,2000,5,,8,8,,,1500,4000,"sc/buildings.sc","fireball3b","true",,"true","true","true",,,,,,,,
"jump_balls5_lvl1",20,20500,2700,3000,0,360,85,90,800,1000,,,-4000,,2000,5,,8,8,,,1500,4000,"sc/buildings.sc","fireball3b","true",,"true","true","true",,,,,,,,
"jump_balls6_lvl1",20,20500,2700,3000,0,360,85,90,800,1000,,,-4000,,2000,5,,8,8,,,1500,4000,"sc/buildings.sc","fireball3b","true",,"true","true","true",,,,,,,,
"jump_balls7_lvl1",20,20500,2700,3000,0,360,85,90,800,1500,,,-4000,,2000,5,,8,8,,,1500,4000,"sc/buildings.sc","fireball3b","true",,"true","true","true",,,,,,,,
"jump_balls8_lvl1",20,20500,2700,3000,0,360,85,90,500,1200,,,-4000,,2000,5,,8,8,,,1500,4000,"sc/buildings.sc","fireball3b","true",,"true","true","true",,,,,,,,
"jump_balls9_lvl1",20,20500,2700,3000,0,360,85,90,800,1200,,,-4000,,2000,5,,8,8,,,1500,4000,"sc/buildings.sc","fireball3b","true",,"true","true","true",,,,,,,,
"jump_balls10_lvl1",20,20500,2700,3000,0,360,85,90,800,1000,,,-4000,,2000,5,,8,8,,,1500,4000,"sc/buildings.sc","fireball3b","true",,"true","true","true",,,,,,,,
"jump_balls11_lvl1",20,20500,2700,3000,0,360,85,90,800,1000,,,-4000,,2000,5,,8,8,,,1500,4000,"sc/buildings.sc","fireball3b","true",,"true","true","true",,,,,,,,
"jump_ring_lightrays_lvl1",50,20500,2700,3000,0,360,0,90,6000,6000,,,500,,10000,500,,10,12,,,6000,400,"sc/buildings.sc","fireball3b","true",,,"true","true",,,,,,,,
"jump_deploy_rings_lvl1",3,100,200,200,,,,,1,10,,,,,,,,14,133,,,400,,"sc/buildings.sc","spell_range_marker_2","true",,,,"true",,,,,,,,
"jump_glowGreen_lvl2",1,1,40000,40000,,,,,,,,,40,,,,,560,560,,,700,,"sc/buildings.sc","jump_glowGreen",,,,,"true",,,,,,,,
"jump_deploy_range_lvl2",1,1,40000,40000,,,,,,,,,3,,,,,133,133,,,55000,,"sc/buildings.sc","spell_range_marker_2","true",,,,"true",,,,,,,,
"jump_deploy_range_anim_lvl2",24,40500,1600,1600,,,90,90,500,600,,,3,,1500,5,,133,133,,,8000,,"sc/buildings.sc","spell_range_marker_2","true",,,"true","true",,,,,,,,
"jump_deploy_range_anim2_lvl2",0,40500,1600,1600,,,90,90,300,500,,,3,,1500,5,,133,133,,,5000,,"sc/buildings.sc","spell_range_marker_2","true",,,"true","true",,,,,,,,
"jump_ring_anim_lvl2",1,1,40000,40000,,,,,,,,,,,,,,133,133,,,36000,,"sc/buildings.sc","spell_range_marker","true",,,,"true",,,,,,,,
"jump_balls_lvl2",40,40500,2700,3000,0,360,85,90,800,2000,,,-4000,,2000,5,,8,8,,,1500,4000,"sc/buildings.sc","fireball3b","true",,"true","true","true",,,,,,,,
"jump_balls2_lvl2",40,40500,2700,3000,0,360,85,90,800,1500,,,-4000,,2000,5,,8,8,,,1500,4000,"sc/buildings.sc","fireball3b","true",,"true","true","true",,,,,,,,
"jump_balls3_lvl2",40,40500,2700,3000,0,360,85,90,500,1200,,,-4000,,2000,5,,8,8,,,1500,4000,"sc/buildings.sc","fireball3b","true",,"true","true","true",,,,,,,,
"jump_balls4_lvl2",40,40500,2700,3000,0,360,85,90,800,1200,,,-4000,,2000,5,,8,8,,,1500,4000,"sc/buildings.sc","fireball3b","true",,"true","true","true",,,,,,,,
"jump_balls5_lvl2",40,40500,2700,3000,0,360,85,90,800,1000,,,-4000,,2000,5,,8,8,,,1500,4000,"sc/buildings.sc","fireball3b","true",,"true","true","true",,,,,,,,
"jump_balls6_lvl2",40,40500,2700,3000,0,360,85,90,800,1000,,,-4000,,2000,5,,8,8,,,1500,4000,"sc/buildings.sc","fireball3b","true",,"true","true","true",,,,,,,,
"jump_balls7_lvl2",40,40500,2700,3000,0,360,85,90,800,1500,,,-4000,,2000,5,,8,8,,,1500,4000,"sc/buildings.sc","fireball3b","true",,"true","true","true",,,,,,,,
"jump_balls8_lvl2",40,40500,2700,3000,0,360,85,90,500,1200,,,-4000,,2000,5,,8,8,,,1500,4000,"sc/buildings.sc","fireball3b","true",,"true","true","true",,,,,,,,
"jump_balls9_lvl2",40,40500,2700,3000,0,360,85,90,800,1200,,,-4000,,2000,5,,8,8,,,1500,4000,"sc/buildings.sc","fireball3b","true",,"true","true","true",,,,,,,,
"jump_balls10_lvl2",40,40500,2700,3000,0,360,85,90,800,1000,,,-4000,,2000,5,,8,8,,,1500,4000,"sc/buildings.sc","fireball3b","true",,"true","true","true",,,,,,,,
"jump_balls11_lvl2",40,40500,2700,3000,0,360,85,90,800,1000,,,-4000,,2000,5,,8,8,,,1500,4000,"sc/buildings.sc","fireball3b","true",,"true","true","true",,,,,,,,
"jump_ring_lightrays_lvl2",100,40500,2700,3000,0,360,0,90,6000,6000,,,500,,10000,500,,10,12,,,6000,400,"sc/buildings.sc","fireball3b","true",,,"true","true",,,,,,,,
"jump_deploy_rings_lvl2",3,100,200,200,,,,,1,10,,,,,,,,14,133,,,400,,"sc/buildings.sc","spell_range_marker_2","true",,,,"true",,,,,,,,
"jump_glowGreen_lvl3",1,1,60000,60000,,,,,,,,,40,,,,,560,560,,,700,,"sc/buildings.sc","jump_glowGreen",,,,,"true",,,,,,,,
"jump_deploy_range_lvl3",1,1,60000,60000,,,,,,,,,3,,,,,133,133,,,75000,,"sc/buildings.sc","spell_range_marker_2","true",,,,"true",,,,,,,,
"jump_deploy_range_anim_lvl3",36,60500,1600,1600,,,90,90,500,600,,,3,,1500,5,,133,133,,,8000,,"sc/buildings.sc","spell_range_marker_2","true",,,"true","true",,,,,,,,
"jump_deploy_range_anim2_lvl3",0,60500,1600,1600,,,90,90,300,500,,,3,,1500,5,,133,133,,,5000,,"sc/buildings.sc","spell_range_marker_2","true",,,"true","true",,,,,,,,
"jump_ring_anim_lvl3",1,1,60000,60000,,,,,,,,,,,,,,133,133,,,36000,,"sc/buildings.sc","spell_range_marker","true",,,,"true",,,,,,,,
"jump_balls_lvl3",60,60500,2700,3000,0,360,85,90,800,2000,,,-4000,,2000,5,,8,8,,,1500,4000,"sc/buildings.sc","fireball3b","true",,"true","true","true",,,,,,,,
"jump_balls2_lvl3",60,60500,2700,3000,0,360,85,90,800,1500,,,-4000,,2000,5,,8,8,,,1500,4000,"sc/buildings.sc","fireball3b","true",,"true","true","true",,,,,,,,
"jump_balls3_lvl3",60,60500,2700,3000,0,360,85,90,500,1200,,,-4000,,2000,5,,8,8,,,1500,4000,"sc/buildings.sc","fireball3b","true",,"true","true","true",,,,,,,,
"jump_balls4_lvl3",60,60500,2700,3000,0,360,85,90,800,1200,,,-4000,,2000,5,,8,8,,,1500,4000,"sc/buildings.sc","fireball3b","true",,"true","true","true",,,,,,,,
"jump_balls5_lvl3",60,60500,2700,3000,0,360,85,90,800,1000,,,-4000,,2000,5,,8,8,,,1500,4000,"sc/buildings.sc","fireball3b","true",,"true","true","true",,,,,,,,
"jump_balls6_lvl3",60,60500,2700,3000,0,360,85,90,800,1000,,,-4000,,2000,5,,8,8,,,1500,4000,"sc/buildings.sc","fireball3b","true",,"true","true","true",,,,,,,,
"jump_balls7_lvl3",60,60500,2700,3000,0,360,85,90,800,1500,,,-4000,,2000,5,,8,8,,,1500,4000,"sc/buildings.sc","fireball3b","true",,"true","true","true",,,,,,,,
"jump_balls8_lvl3",60,60500,2700,3000,0,360,85,90,500,1200,,,-4000,,2000,5,,8,8,,,1500,4000,"sc/buildings.sc","fireball3b","true",,"true","true","true",,,,,,,,
"jump_balls9_lvl3",60,60500,2700,3000,0,360,85,90,800,1200,,,-4000,,2000,5,,8,8,,,1500,4000,"sc/buildings.sc","fireball3b","true",,"true","true","true",,,,,,,,
"jump_balls10_lvl3",60,60500,2700,3000,0,360,85,90,800,1000,,,-4000,,2000,5,,8,8,,,1500,4000,"sc/buildings.sc","fireball3b","true",,"true","true","true",,,,,,,,
"jump_balls11_lvl3",60,60500,2700,3000,0,360,85,90,800,1000,,,-4000,,2000,5,,8,8,,,1500,4000,"sc/buildings.sc","fireball3b","true",,"true","true","true",,,,,,,,
"jump_ring_lightrays_lvl3",150,60500,2700,3000,0,360,0,90,6000,6000,,,500,,10000,500,,10,12,,,6000,400,"sc/buildings.sc","fireball3b","true",,,"true","true",,,,,,,,
"jump_deploy_rings_lvl3",3,100,200,200,,,,,1,10,,,,,,,,14,133,,,400,,"sc/buildings.sc","spell_range_marker_2","true",,,,"true",,,,,,,,
"boosterClock",1,,2000,2000,,,,,,,,,,,-10,,,88,90,,,550,,"sc/ui.sc","icon_clock",,,,,,,,,,,,,
"boosterClock2",1,,1300,1300,,,,,,,,,,,-10,,,100,200,,,3000,,"sc/ui.sc","icon_clock_booster",,,,,,,,,,,,,
"boosterStart",1,300,700,1000,0,0,0,0,100,200,,,220,,0,100,,118,118,0,30,200,,"sc/buildings.sc","speed_up_fx","true",,,,,,,,,,,,
"xmas_redSmoke",20,3900,4000,5000,-180,-180,0,15,20,70,,,,,-20,,,5,200,,,1200,,"sc/buildings.sc","d4_red","true",,"true",,,,,,,,,,
,15,,,,,,,,,,,,,,,,,,,,,,,,"d2_red",,,,,,,,,,,,,
"xmas_dropBomb",1,1,1400,1400,45,45,,,,,,,800,,800,,,90,50,0,90,1,,"sc/buildings.sc","xmas_bomb1",,,,"true",,,,,,,,,
,,,,,,,,,,,,,,,,,,,,,,,,,"xmas_bomb2",,,,,,,,,,,,,
,,,,,,,,,,,,,,,,,,,,,,,,,"xmas_bomb3",,,,,,,,,,,,,
"xmas_anim",1,1,10000,10000,,,,,,,,,600,,,,,,,,,,,"sc/buildings.sc","xmas_spell","true",,,,,,,,,,,,
"xmas_spell_shadow",1,1,10000,10000,,,,,,,,,0,,,,,,,,,100,,"sc/buildings.sc","xmas_spell_shadow","true",,,,,,,,,,,,
"xmas_redSmoke_shadow",1,1,10000,10000,0,0,200,200,20,20,,,0,,0,0,,10,600,,,35000,,"sc/buildings.sc","shadow_forParticles","true",,,,,,,,,,,,
"xmas_redSmoke_shadow_small",1,1,8000,8000,0,0,200,200,10,10,,,0,,0,0,,10,150,,,28000,,"sc/buildings.sc","shadow_forParticles","true",,,,,,,,,,,,
"xmas_fun1",5,400,250,300,0,360,0,90,20,50,,,,,-60,20,,1,150,-5,5,10000,40,"sc/buildings.sc","fireball3b","true",,"true","true","true",,,,,,,,
"xmas_fun2",20,2,500,1500,0,360,0,90,600,1500,,,,,1000,23,,7,9,0,90,2000,1,"sc/buildings.sc","fireball3b","true",,"true","true","true",,,,,,,,
"xmas_fun3",1,900,600,1200,0,360,0,0,1,1,,,,,0,20,,20,120,10,-10,300,0,"sc/buildings.sc","wizard_tower_explosion","true",,,,"true",,,,,,,,
"xmas_fun4",5,900,450,500,0,360,0,0,1,1,,,,,0,20,,20,120,10,-10,400,85,"sc/buildings.sc","wizard_tower_explosion","true",,,,"true",,,,,,,,
"xmas_Fire_balls",10,2,2000,2500,0,360,0,90,600,1500,,,800,,1000,15,,15,13,0,90,400,,"sc/buildings.sc","snow1",,,,,,,,,,,,,
"xmas_bomb_shadow",1,1,1700,1700,,,,,,,,,0,,0,0,,50,140,,,500,,"sc/buildings.sc","xmas_bomb_shadow",,,,,,,,,,,,,
"bomb_lightFlash",1,1,150,200,,,,,,,,,800,,,,,50,190,,,340,,"sc/buildings.sc","spell_range_marker_3","true",,,,"true",,,,,,,,
"xmas_gift_poof",5,150,200,900,0,360,90,90,20,50,,,800,,300,,,100,100,0,30,200,100,"sc/buildings.sc","d1","true",,,,,,,,,,,,
"ArcherQueen_attack",2,1,1500,1500,0,360,5,5,10,50,,,30,,-10,10,,50,100,-40,40,2000,,"sc/buildings.sc","d6","true",,"true",,,,,,,,,,
"Collect Dark Elixir",30,200,500,1200,0,360,60,90,1200,1500,,,,,1200,1,,50,110,-45,45,300,,"sc/buildings.sc","deli1","true",,,,,,,,,,,,
,,,,,,,,,,,,,,,,,,,,,,,,,"deli2",,,,,,,,,,,,,
,,,,,,,,,,,,,,,,,,,,,,,,,"deli3",,,,,,,,,,,,,
,,,,,,,,,,,,,,,,,,,,,,,,,"deli4",,,,,,,,,,,,,
,,,,,,,,,,,,,,,,,,,,,,,,,"deli5",,,,,,,,,,,,,
,,,,,,,,,,,,,,,,,,,,,,,,,"deli6",,,,,,,,,,,,,
,,,,,,,,,,,,,,,,,,,,,,,,,"deli7",,,,,,,,,,,,,
,,,,,,,,,,,,,,,,,,,,,,,,,"deli8",,,,,,,,,,,,,
,,,,,,,,,,,,,,,,,,,,,,,,,"deli9",,,,,,,,,,,,,
,,,,,,,,,,,,,,,,,,,,,,,,,"deli10",,,,,,,,,,,,,
"Steal Dark Elixir",5,200,500,1200,360,360,80,90,1500,1500,,,,,2400,,,50,110,-45,45,300,,"sc/buildings.sc","deli1","true",,,,,,,,,,,,
,,,,,,,,,,,,,,,,,,,,,,,,,"deli2",,,,,,,,,,,,,
,,,,,,,,,,,,,,,,,,,,,,,,,"deli3",,,,,,,,,,,,,
,,,,,,,,,,,,,,,,,,,,,,,,,"deli4",,,,,,,,,,,,,
,,,,,,,,,,,,,,,,,,,,,,,,,"deli5",,,,,,,,,,,,,
,,,,,,,,,,,,,,,,,,,,,,,,,"deli6",,,,,,,,,,,,,
,,,,,,,,,,,,,,,,,,,,,,,,,"deli7",,,,,,,,,,,,,
,,,,,,,,,,,,,,,,,,,,,,,,,"deli8",,,,,,,,,,,,,
,,,,,,,,,,,,,,,,,,,,,,,,,"deli9",,,,,,,,,,,,,
,,,,,,,,,,,,,,,,,,,,,,,,,"deli10",,,,,,,,,,,,,
"hero_die_force",1,1200,1200,1200,0,0,0,0,0,0,,,0,,0,0,,,,0,0,,0,"sc/buildings.sc","die_force_above","true",,,,,,,,,,,,
"hero_spot_enemy",1,1,2000,2000,0,0,0,0,0,0,,,250,,0,0,,,,0,0,,0,"sc/buildings.sc","hero_spot_enemy","true",,,,,,,,,,,,
"hero_attack_enemy",1,1,2000,2000,0,0,0,0,0,0,,,250,,0,0,,,,0,0,,0,"sc/buildings.sc","hero_attack_enemy","true",,,,,,,,,,,,
"hero_hit_grass",7,200,200,600,0,360,20,90,200,780,,,,,3000,40,,30,60,-30,30,300,20,"sc/buildings.sc","g1","true",,,,,,,,,,,,
"hero_hit1",1,1,350,400,0,360,0,0,1,1,,,50,,0,0,,100,220,10,-10,150,0,"sc/buildings.sc","Hit","true",,,,,,,,,,,,
"hero_hit2",5,1,280,300,0,360,0,0,200,300,,,70,,1000,,,20,35,0,90,100,50,"sc/buildings.sc","g1","true",,"true",,,,,,,,,,
,,,,,,,,,,,,,,,,,,,,,,,,,"g2",,,,,,,,,,,,,
,,,,,,,,,,,,,,,,,,,,,,,,,"g3",,,,,,,,,,,,,
,,,,,,,,,,,,,,,,,,,,,,,,,"g4",,,,,,,,,,,,,
"hero_hit3",12,1,450,850,0,360,0,0,50,100,,,60,,20,0,,100,180,10,-10,200,,"sc/buildings.sc","d1","true",,,,,,,,,,,,
"hero_hit4",1,1,180,180,,,,,,,,,60,,,,,70,50,,,100,,"sc/buildings.sc","spell_range_marker_3","true",,,,"true",,,,,,,,
"hero_hit5",1,1,250,250,0,0,0,0,,,,,0,,,0,,30,100,,,50,,"sc/buildings.sc","hit_force_above","true",,,,,,,,,,,,
"hero_arrow_trail1",4,30,250,300,0,360,0,0,1,1,,,50,,0,0,,0,10,10,-10,150,50,"sc/buildings.sc","Hit","true","true","true",,,,,,,,,,
"hero_heal_lightrays",22,1000,500,650,0,360,0,0,1300,1300,,,10,,-2000,200,,40,350,,,450,50,"sc/buildings.sc","HealSpell_lightbeam","true",,,,"true",,,,,,,,
"hero_heal_rings",3,300,600,1200,,,,,1,10,,,,,,,,20,130,,,2000,,"sc/buildings.sc","spell_range_marker_2","true",,,,"true",,,,,,,,
"small_airTrap_smoke",8,120,800,1000,0,360,70,100,200,750,,,-9,,30,45,,90,210,0,30,400,15,"sc/buildings.sc","d1","true",,,,,,,,,,,,
,,,,,,,,,,,,,,,,,,,,,,,,,"d2",,,,,,,,,,,,,
,,,,,,,,,,,,,,,,,,,,,,,,,"d3",,,,,,,,,,,,,
,,,,,,,,,,,,,,,,,,,,,,,,,"d4",,,,,,,,,,,,,
"small_airTrap_grass",9,1,600,900,0,360,70,90,700,1100,,,-5,,1600,,,20,65,0,90,400,15,"sc/buildings.sc","g1","true",,,,,,,,,,,,
,,,,,,,,,,,,,,,,,,,,,,,,,"g2",,,,,,,,,,,,,
,,,,,,,,,,,,,,,,,,,,,,,,,"g3",,,,,,,,,,,,,
,,,,,,,,,,,,,,,,,,,,,,,,,"g4",,,,,,,,,,,,,
"small_airTrap_Hit",1,,150,150,,,,,,,,,130,,,,,60,220,,,110,,"sc/buildings.sc","Hit","true",,,,,,,,,,,,
"small_airTrap_Explosion_3",20,1,800,1000,,,80,100,700,1500,,,85,,0,30,,50,140,0,10,500,1,"sc/buildings.sc","d5","true",,,,,,,,,,,,
"small_airTrap_lightFlash",1,,300,300,,,,,,,,,140,,,,,0,150,,,250,20,"sc/buildings.sc","spell_range_marker_3","true",,,,"true",,,,,,,,
"small_airTrap_wood",5,40,650,800,0,360,20,60,900,1100,,,130,,1300,13,,60,85,0,90,280,5,"sc/buildings.sc","debris5",,,,,,,,,,,,,
,,,,,,,,,,,,,,,,,,,,,,,,,"debris2",,,,,,,,,,,,,
,,,,,,,,,,,,,,,,,,,,,,,,,"debris6",,,,,,,,,,,,,
,,,,,,,,,,,,,,,,,,,,,,,,,"debris7",,,,,,,,,,,,,
,,,,,,,,,,,,,,,,,,,,,,,,,"debris8",,,,,,,,,,,,,
,,,,,,,,,,,,,,,,,,,,,,,,,"debris9",,,,,,,,,,,,,
,,,,,,,,,,,,,,,,,,,,,,,,,"debris10",,,,,,,,,,,,,
,,,,,,,,,,,,,,,,,,,,,,,,,"debris14",,,,,,,,,,,,,
,,,,,,,,,,,,,,,,,,,,,,,,,"debris15",,,,,,,,,,,,,
,,,,,,,,,,,,,,,,,,,,,,,,,"debris16",,,,,,,,,,,,,
"small_airTrap_fireExplosion3",4,20,500,700,0,90,-20,-20,20,50,,,180,,-60,20,,40,90,-5,5,600,30,"sc/buildings.sc","fireball3b","true",,"true","true","true",,,,,,,,
"small_airTrap_smoke2",3,1,3400,3500,,,55,55,,,,,165,,-15,5,,90,170,-90,90,5000,110,"sc/buildings.sc","d6","true",,"true",,,,,,,,,,
"small_airTrap_AirDefenceHit",5,400,250,300,0,360,0,90,20,50,,,160,,-60,20,,1,150,-5,5,100,40,"sc/buildings.sc","fireball3b","true",,"true","true","true",,,,,,,,
"large_airTrap_redSmoke",2,245,750,900,-180,-180,0,15,20,70,,,,,-35,5,,20,60,,,450,,"sc/buildings.sc","d4_red","true",,"true",,,,,,,,,,
"large_airTrap_explosion1",10,130,500,900,0,360,0,30,250,300,,,88,,20,15,,100,190,-30,30,600,0,"sc/buildings.sc","d4_red","true",,,,,,,,,,,,
"large_airTrap_verticalLight",1,,190,190,0,0,0,0,,,,,100,,,0,,30,70,,,50,,"sc/buildings.sc","hit_force_above","true",,,,,,,,,,,,
"large_airTrap_fireExplosion3",5,130,400,800,0,90,-20,-20,20,50,,,180,,-60,20,,40,110,-5,5,450,28,"sc/buildings.sc","fireball3b","true",,"true",,"true",,,,,,,,
"large_airTrap_lightFlash",1,,300,300,,,,,,,,,140,,,,,0,120,,,250,20,"sc/buildings.sc","spell_range_marker_3","true",,,,"true",,,,,,,,
"large_airTrap_smoke2",4,200,1200,1400,0,90,-20,-20,20,40,,,180,,-25,5,,90,230,-90,90,1000,20,"sc/buildings.sc","d4_red",,,,,,,,,,,,,
"large_airTrap_forceUp",3,10,300,500,0,0,0,0,0,0,,,100,,0,0,,60,85,0,0,220,0,"sc/buildings.sc","die_force_above",,,,,,,,,,,,,
"large_airTrap_forceDown",3,10,300,500,0,0,0,0,0,0,,,100,,0,0,,60,75,0,0,220,0,"sc/buildings.sc","die_force_above_reverse",,,,,,,,,,,,,
"WarriorGirl_tornado_grass",8,1000,500,1500,0,0,0,0,0,500,,,100,,-5000,50,,50,200,0,0,250,20,"sc/buildings.sc","wind_1","true",,,,,,,,,,,,
,5,,,,,,,,,,,,,,,,,,,,,,25,,"wind_1",,,,,,,,,,,,,
,4,,,,,,,,,,,,,,,,,,,,,,30,,"wind_1",,,,,,,,,,,,,
"Gargoyle_spit",2,5,300,500,-20,20,-20,20,100,600,,,125,,800,,,8,32,20,50,200,-20,"sc/buildings.sc","deli1","true",,"true",,,,,,,,,,
,,,,,,,,,,,,,,,,,,,,,,,,,"deli2",,,,,,,,,,,,,
,,,,,,,,,,,,,,,,,,,,,,,,,"deli3",,,,,,,,,,,,,
,,,,,,,,,,,,,,,,,,,,,,,,,"deli4",,,,,,,,,,,,,
,,,,,,,,,,,,,,,,,,,,,,,,,"deli5",,,,,,,,,,,,,
,,,,,,,,,,,,,,,,,,,,,,,,,"deli6",,,,,,,,,,,,,
,,,,,,,,,,,,,,,,,,,,,,,,,"deli7",,,,,,,,,,,,,
,,,,,,,,,,,,,,,,,,,,,,,,,"deli8",,,,,,,,,,,,,
,,,,,,,,,,,,,,,,,,,,,,,,,"deli9",,,,,,,,,,,,,
,,,,,,,,,,,,,,,,,,,,,,,,,"deli10",,,,,,,,,,,,,
"Gargoyle_hit",4,1,300,600,0,360,0,0,50,100,,,0,,100,0,,40,60,-30,30,400,50,"sc/buildings.sc","deli1","true",,,,,,,,,,,,
,,,,,,,,,,,,,,,,,,40,60,-30,30,400,,,"deli2",,,,,,,,,,,,,
,,,,,,,,,,,,,,,,,,40,60,-30,30,400,,,"deli3",,,,,,,,,,,,,
,,,,,,,,,,,,,,,,,,40,60,-30,30,400,,,"deli4",,,,,,,,,,,,,
,,,,,,,,,,,,,,,,,,40,60,-30,30,400,,,"deli5",,,,,,,,,,,,,
"Gargoyle_hit2",4,1,300,600,0,360,0,0,50,100,,,0,,100,0,,60,90,10,-10,250,50,"sc/buildings.sc","darkSplat","true",,,,,,,,,,,,
,,,,,,,,,,,,,,,,,,61,90,10,-10,250,,,"darkSplat2",,,,,,,,,,,,,
"Dsplat",7,1,300,500,0,360,0,0,50,100,,,0,,100,0,,70,120,10,-10,300,30,"sc/buildings.sc","deli3","true",,,,,,,,,,,,
,,,,,,,,,,,,,,,,,,,,,,,,,"deli4",,,,,,,,,,,,,
,,,,,,,,,,,,,,,,,,,,,,,,,"deli8",,,,,,,,,,,,,
,,,,,,,,,,,,,,,,,,,,,,,,,"deli3",,,,,,,,,,,,,
"Golem_hit",5,10,400,700,0,360,60,90,200,400,,,0,,0,60,,50,150,-45,45,500,50,"sc/buildings.sc","d1",,,,,,,,,,,,,
,,,,,,,,,,,,,,,,,,,,,,,,,"d2",,,,,,,,,,,,,
,,,,,,,,,,,,,,,,,,,,,,,,,"d3",,,,,,,,,,,,,
,,,,,,,,,,,,,,,,,,,,,,,,,"d4",,,,,,,,,,,,,
"Ground_ring",2,20,250,450,0,360,0,360,1,2,,,,,,100,,10,100,-90,-90,800,33,"sc/buildings.sc","ground_ring_fx","true",,,,"true",,,,,,,,
"Ground_ring_small",1,20,300,400,0,360,0,0,0,0,,,,,,100,,1,100,,,1200,,"sc/buildings.sc","ground_ring_fx","true",,,,"true",,,,,,,,
"Balloon_Die_bloon",15,1,500,800,0,360,0,360,200,800,,,130,,500,10,,20,10,20,90,250,0,"sc/buildings.sc","balloonDebris3","true","true",,"true",,,,,,,,,
,,,,,,,,,,,,,,,,,,,,,,,,,"balloonDebris1",,,,,,,,,,,,,
,,,,,,,,,,,,,,,,,,,,,,,,,"balloonDebris4",,,,,,,,,,,,,
,,,,,,,,,,,,,,,,,,,,,,,,,"balloonDebris2",,,,,,,,,,,,,
"Balloon_Die_wood",4,20,1200,2200,0,360,30,90,700,1200,,,0,,3000,20,,25,40,20,90,600,80,"sc/buildings.sc","debris5","true","true",,"true",,,,,,,,,
,,,,,,,,,,,,,,,,,,,,,,,,,"debris6",,,,,,,,,,,,,
,,,,,,,,,,,,,,,,,,,,,,,,,"debris7",,,,,,,,,,,,,
,,,,,,,,,,,,,,,,,,,,,,,,,"debris8",,,,,,,,,,,,,
"Balloon_Die_darkBloon",15,1,500,800,0,360,0,360,200,800,,,130,,500,10,,35,10,20,90,250,0,"sc/buildings.sc","balloonDebris3_dark","true","true",,"true",,,,,,,,,
,,,,,,,,,,,,,,,,,,,,,,,,,"balloonDebris1_dark",,,,,,,,,,,,,
,,,,,,,,,,,,,,,,,,,,,,,,,"balloonDebris4_dark",,,,,,,,,,,,,
,,,,,,,,,,,,,,,,,,,,,,,,,"balloonDebris2_dark",,,,,,,,,,,,,
"Stone debris",4,10,400,700,0,360,45,80,400,650,,,0,,1200,0,,100,33,-180,180,100,100,"sc/buildings.sc","debris12",,,"true","true",,,,,,,,,
,,,,,,,,,,,,,,,,,,,,,,,,,"debris13",,,,,,,,,,,,,
,,,,,,,,,,,,,,,,,,,,,,,,,"debris18",,,,,,,,,,,,,
"Stone debris small",2,10,400,700,0,360,60,90,350,550,,,0,,1200,0,,75,10,-180,180,80,50,"sc/buildings.sc","debris12",,,,"true",,,,,,,,,
,,,,,,,,,,,,,,,,,,,,,,,,,"debris13",,,,,,,,,,,,,
,,,,,,,,,,,,,,,,,,,,,,,,,"debris18",,,,,,,,,,,,,
"Golem Split 1",3,10,550,1250,0,360,0,0,5,25,,,3,,,,,100,5,,,350,33,"sc/buildings.sc","gen_p2",,,,,"true",,,,,,,,
"Golem Split 2",1,10,200,330,0,360,0,0,10,10,,,3,,,,,250,75,,,100,,"sc/buildings.sc","gen_p2",,,,,"true",,,,,,,,
"DarkRay_1_light",1,999999,999999,999999,0,360,90,90,1,1,,,100,,,0,,100,100,0,30,64,80,"sc/buildings.sc","dbeam_1_light","false",,,,,128,128,,,,,,
"DarkRay_2_light",1,999999,999999,999999,0,360,90,90,1,1,,,100,,,0,,100,100,0,30,64,80,"sc/buildings.sc","dbeam_2_light","false",,,,,128,128,,,,,,
"DarkRay_3_light",1,999999,999999,999999,0,360,90,90,1,1,,,100,,,0,,100,100,0,30,64,80,"sc/buildings.sc","dbeam_3_light","false",,,,,128,128,,,,,,
"Dark Tower Hit",8,3,300,450,0,360,0,45,80,300,,,20,,800,0,,33,5,180,-180,250,33,"sc/buildings.sc","dark_particle1","true",,,"true",,,,,,,,,
"Dark Tower Hit sparks",1,1200,800,1200,0,360,0,45,10,15,,,25,,0,100,,300,80,-10,15,500,,"sc/buildings.sc","looping_sparks1",,,,,"true",,,,,,,,
"Light Dust",5,100,800,1200,360,360,60,90,75,100,,,,,0,33,,80,100,-20,30,2500,,"sc/buildings.sc","d1","true",,,,,,,,,,,,
,,,,,,,,,,,,,,,,,,,,,,,,,"d2",,,,,,,,,,,,,
,,,,,,,,,,,,,,,,,,,,,,,,,"d3",,,,,,,,,,,,,
,,,,,,,,,,,,,,,,,,,,,,,,,"d4",,,,,,,,,,,,,
"DarkRay Up2",1,10,650,700,0,0,0,0,0,0,,,175,,,100,,33,100,-30,30,100,,"sc/buildings.sc","dark_beamup_fx","true",,,,"true",,,,,,,,
"DarkRay Up3",1,10,650,700,0,0,0,0,0,0,,,175,,,100,,33,125,-30,30,100,,"sc/buildings.sc","dark_beamup_fx","true",,,,"true",,,,,,,,
"Dark Tower Load",1,10,650,700,0,0,0,0,0,0,,,20,,,100,,33,150,0,0,100,,"sc/buildings.sc","dark_tower_load_fx","true",,,,,,,,,,,,
"Dark Tower Empty",1,10,650,700,0,0,0,0,0,0,,,20,,,100,,33,150,-30,30,100,,"sc/buildings.sc","dark_tower_empty_fx","true",,,,,,,,,,,,
"Spark Trail",2,10,125,350,0,360,0,0,2,5,,,-13,,-10,,,50,0,-45,45,300,15,"sc/buildings.sc","spark_flame","true","true",,,"true",,,,,,,,
"Spark Trail_Dark",2,10,125,350,0,360,0,0,2,5,,,0,,-10,,,50,0,-45,45,300,15,"sc/buildings.sc","spark_dark","true","true",,,"true",,,,,,,,
"Spark Trail B",7,10,125,350,0,360,0,0,2,5,,,-13,,-10,,,150,0,-45,45,300,25,"sc/buildings.sc","spark_flame","true","true",,,"true",,,,,,,,
"Freeze1_lvl1",6,200,3800,3950,0,360,0,0,5,1000,,,10,,0,1000,,80,100,0,0,600,100,"sc/buildings.sc","frost_star_1","true",,,,"true",,,,,,,,
,,,,,,,,,,,,,,,,,,,,,,,,,"frost_star_2",,,,,,,,,,,,,
,,,,,,,,,,,,,,,,,,,,,,,,,"frost_star_3",,,,,,,,,,,,,
"Freeze2_lvl1",10,200,3500,3800,0,360,0,0,5,1200,,,10,,0,1000,,100,120,0,0,900,200,"sc/buildings.sc","frost_star_1","true",,,,"true",,,,,,,,
,,,,,,,,,,,,,,,,,,,,,,,,,"frost_star_2",,,,,,,,,,,,,
,,,,,,,,,,,,,,,,,,,,,,,,,"frost_star_3",,,,,,,,,,,,,
"Freeze3_lvl1",20,200,3200,3700,0,360,0,0,5,1300,,,10,,0,1000,,100,130,0,0,1200,270,"sc/buildings.sc","frost_star_1","true",,,,"true",,,,,,,,
,,,,,,,,,,,,,,,,,,,,,,,,,"frost_star_2",,,,,,,,,,,,,
,,,,,,,,,,,,,,,,,,,,,,,,,"frost_star_3",,,,,,,,,,,,,
"Freeze_glow_blue_lvl1",1,1,4000,4000,,,,,,,,,40,,,,,1400,800,,,1200,,"sc/buildings.sc","freeze_blue_glow",,,,,,,,,,,,,
"Freeze_range_marker_lvl1",4,1500,1200,2500,,,90,90,100,120,,,,,,,,100,90,,,4500,,"sc/buildings.sc","spell_range_marker","true",,,,"true",,,,,,,,
"Freeze_range_lvl1",1,33,4000,4000,,,,,,,,,12,,,,,100,80,,,1500,,"sc/buildings.sc","freeze_range",,,,,"true",,,,,,,,
"Freeze_dots1_lvl1",35,2400,1200,1400,0,360,33,75,33,55,,,-20,,-100,25,,20,3,-45,45,2000,175,"sc/buildings.sc","freeze_dotflake1",,,,,"true",,,,,,,,
,,,,,,,,,,,,,,,,,,,,-33,0,,,,"freeze_dotflake_anim2",,,,,,,,,,,,,
,,,,,,,,,,,,,,,,,,,,0,33,,,,"freeze_dotflake_anim3",,,,,,,,,,,,,
"Freeze_dots2_lvl1",25,1200,1000,1300,0,360,33,75,14,30,,,-33,,-100,33,,20,3,-45,45,2000,220,"sc/buildings.sc","freeze_dotflake1",,,,,"true",,,,,,,,
,,,,,,,,,,,,,,,,,,,,-33,0,,,,"freeze_dotflake_anim2",,,,,,,,,,,,,
,,,,,,,,,,,,,,,,,,,,0,33,,,,"freeze_dotflake_anim3",,,,,,,,,,,,,
"Freeze_dots3_lvl1",20,1200,800,1200,0,360,33,75,15,28,,,-50,,-100,38,,20,3,-45,45,200,300,"sc/buildings.sc","freeze_dotflake1",,,,,"true",,,,,,,,
,,,,,,,,,,,,,,,,,,,,-33,0,,,,"freeze_dotflake_anim2",,,,,,,,,,,,,
,,,,,,,,,,,,,,,,,,,,0,33,,,,"freeze_dotflake_anim3",,,,,,,,,,,,,
"Ice crystal_lvl1",12,1200,1200,3200,0,360,0,0,1,1500,,,0,,0,1500,,33,100,0,0,250,300,"sc/buildings.sc","blue_crystal1",,,,,"true",,,,,,,,
"Freeze_dust_lvl1",5,1500,500,1500,0,360,45,90,5,10,,,20,,-10,10,,10,200,100,300,3000,200,"sc/buildings.sc","Hit",,,,,"true",,,,,,,,
"Freeze_crystal_lvl1",32,200,3500,3800,0,360,0,0,5,1200,,,10,,0,1000,,100,120,0,0,900,200,"sc/buildings.sc","frost_crystal1","true",,,,"true",,,,,,,,
,,,,,,,,,,,,,,,,,,,,,,,,,"frost_crystal2",,,,,,,,,,,,,
"Freeze1_lvl2",6,200,4800,4950,0,360,0,0,5,1000,,,10,,0,1000,,80,100,0,0,600,100,"sc/buildings.sc","frost_star_1","true",,,,"true",,,,,,,,
,,,,,,,,,,,,,,,,,,,,,,,,,"frost_star_2",,,,,,,,,,,,,
,,,,,,,,,,,,,,,,,,,,,,,,,"frost_star_3",,,,,,,,,,,,,
"Freeze2_lvl2",10,200,4500,4800,0,360,0,0,5,1200,,,10,,0,1000,,100,120,0,0,900,200,"sc/buildings.sc","frost_star_1","true",,,,"true",,,,,,,,
,,,,,,,,,,,,,,,,,,,,,,,,,"frost_star_2",,,,,,,,,,,,,
,,,,,,,,,,,,,,,,,,,,,,,,,"frost_star_3",,,,,,,,,,,,,
"Freeze3_lvl2",20,200,4200,4700,0,360,0,0,5,1300,,,10,,0,1000,,100,130,0,0,1200,270,"sc/buildings.sc","frost_star_1","true",,,,"true",,,,,,,,
,,,,,,,,,,,,,,,,,,,,,,,,,"frost_star_2",,,,,,,,,,,,,
,,,,,,,,,,,,,,,,,,,,,,,,,"frost_star_3",,,,,,,,,,,,,
"Freeze_glow_blue_lvl2",1,1,5000,5000,,,,,,,,,40,,,,,1400,800,,,1200,,"sc/buildings.sc","freeze_blue_glow",,,,,,,,,,,,,
"Freeze_range_marker_lvl2",4,2500,1200,2500,,,90,90,100,120,,,,,,,,100,90,,,4500,,"sc/buildings.sc","spell_range_marker","true",,,,"true",,,,,,,,
"Freeze_range_lvl2",1,33,5000,5000,,,,,,,,,12,,,,,100,80,,,1500,,"sc/buildings.sc","freeze_range",,,,,"true",,,,,,,,
"Freeze_dots1_lvl2",35,3400,1200,1400,0,360,33,75,33,55,,,-20,,-100,25,,20,3,-45,45,2000,175,"sc/buildings.sc","freeze_dotflake1",,,,,"true",,,,,,,,
,,,,,,,,,,,,,,,,,,,,-33,0,,,,"freeze_dotflake_anim2",,,,,,,,,,,,,
,,,,,,,,,,,,,,,,,,,,0,33,,,,"freeze_dotflake_anim3",,,,,,,,,,,,,
"Freeze_dots2_lvl2",25,1200,1000,1300,0,360,33,75,14,30,,,-33,,-100,33,,20,3,-45,45,2000,220,"sc/buildings.sc","freeze_dotflake1",,,,,"true",,,,,,,,
,,,,,,,,,,,,,,,,,,,,-33,0,,,,"freeze_dotflake_anim2",,,,,,,,,,,,,
,,,,,,,,,,,,,,,,,,,,0,33,,,,"freeze_dotflake_anim3",,,,,,,,,,,,,
"Freeze_dots3_lvl2",20,1200,800,1200,0,360,33,75,15,28,,,-50,,-100,38,,20,3,-45,45,200,300,"sc/buildings.sc","freeze_dotflake1",,,,,"true",,,,,,,,
,,,,,,,,,,,,,,,,,,,,-33,0,,,,"freeze_dotflake_anim2",,,,,,,,,,,,,
,,,,,,,,,,,,,,,,,,,,0,33,,,,"freeze_dotflake_anim3",,,,,,,,,,,,,
"Ice crystal_lvl2",12,1200,1200,4200,0,360,0,0,1,1500,,,0,,0,1500,,33,100,0,0,250,300,"sc/buildings.sc","blue_crystal1",,,,,"true",,,,,,,,
"Freeze_dust_lvl2",5,1500,1500,2500,0,360,45,90,5,10,,,20,,-10,10,,10,200,100,300,3000,200,"sc/buildings.sc","Hit",,,,,"true",,,,,,,,
"Freeze_crystal_lvl2",32,200,4500,4800,0,360,0,0,5,1200,,,10,,0,1000,,100,120,0,0,900,200,"sc/buildings.sc","frost_crystal1","true",,,,"true",,,,,,,,
,,,,,,,,,,,,,,,,,,,,,,,,,"frost_crystal2",,,,,,,,,,,,,
"Freeze1_lvl3",6,200,5800,5950,0,360,0,0,5,1000,,,10,,0,1000,,80,100,0,0,600,100,"sc/buildings.sc","frost_star_1","true",,,,"true",,,,,,,,
,,,,,,,,,,,,,,,,,,,,,,,,,"frost_star_2",,,,,,,,,,,,,
,,,,,,,,,,,,,,,,,,,,,,,,,"frost_star_3",,,,,,,,,,,,,
"Freeze2_lvl3",10,200,5500,5800,0,360,0,0,5,1200,,,10,,0,1000,,100,120,0,0,900,200,"sc/buildings.sc","frost_star_1","true",,,,"true",,,,,,,,
,,,,,,,,,,,,,,,,,,,,,,,,,"frost_star_2",,,,,,,,,,,,,
,,,,,,,,,,,,,,,,,,,,,,,,,"frost_star_3",,,,,,,,,,,,,
"Freeze3_lvl3",20,200,5200,5700,0,360,0,0,5,1300,,,10,,0,1000,,100,130,0,0,1200,270,"sc/buildings.sc","frost_star_1","true",,,,"true",,,,,,,,
,,,,,,,,,,,,,,,,,,,,,,,,,"frost_star_2",,,,,,,,,,,,,
,,,,,,,,,,,,,,,,,,,,,,,,,"frost_star_3",,,,,,,,,,,,,
"Freeze_glow_blue_lvl3",1,1,6000,6000,,,,,,,,,40,,,,,1400,800,,,1200,,"sc/buildings.sc","freeze_blue_glow",,,,,,,,,,,,,
"Freeze_range_marker_lvl3",4,3500,1200,2500,,,90,90,100,120,,,,,,,,100,90,,,4500,,"sc/buildings.sc","spell_range_marker","true",,,,"true",,,,,,,,
"Freeze_range_lvl3",1,33,6000,6000,,,,,,,,,12,,,,,100,80,,,1500,,"sc/buildings.sc","freeze_range",,,,,"true",,,,,,,,
"Freeze_dots1_lvl3",35,4400,1200,1400,0,360,33,75,33,55,,,-20,,-100,25,,20,3,-45,45,2000,175,"sc/buildings.sc","freeze_dotflake1",,,,,"true",,,,,,,,
,,,,,,,,,,,,,,,,,,,,-33,0,,,,"freeze_dotflake_anim2",,,,,,,,,,,,,
,,,,,,,,,,,,,,,,,,,,0,33,,,,"freeze_dotflake_anim3",,,,,,,,,,,,,
"Freeze_dots2_lvl3",25,1200,1000,1300,0,360,33,75,14,30,,,-33,,-100,33,,20,3,-45,45,2000,220,"sc/buildings.sc","freeze_dotflake1",,,,,"true",,,,,,,,
,,,,,,,,,,,,,,,,,,,,-33,0,,,,"freeze_dotflake_anim2",,,,,,,,,,,,,
,,,,,,,,,,,,,,,,,,,,0,33,,,,"freeze_dotflake_anim3",,,,,,,,,,,,,
"Freeze_dots3_lvl3",20,1200,800,1200,0,360,33,75,15,28,,,-50,,-100,38,,20,3,-45,45,200,300,"sc/buildings.sc","freeze_dotflake1",,,,,"true",,,,,,,,
,,,,,,,,,,,,,,,,,,,,-33,0,,,,"freeze_dotflake_anim2",,,,,,,,,,,,,
,,,,,,,,,,,,,,,,,,,,0,33,,,,"freeze_dotflake_anim3",,,,,,,,,,,,,
"Ice crystal_lvl3",12,1200,1200,5200,0,360,0,0,1,1500,,,0,,0,1500,,33,100,0,0,250,300,"sc/buildings.sc","blue_crystal1",,,,,"true",,,,,,,,
,,,,,,,,,,,,,,,,,,,,,,,,,"frost_crystal2",,,,,,,,,,,,,
"Freeze_dust_lvl3",5,1500,2500,3500,0,360,45,90,5,10,,,20,,-10,10,,10,200,100,300,3000,200,"sc/buildings.sc","Hit",,,,,"true",,,,,,,,
"Freeze_crystal_lvl3",32,200,5500,5800,0,360,0,0,5,1200,,,10,,0,1000,,100,120,0,0,900,200,"sc/buildings.sc","frost_crystal1","true",,,,"true",,,,,,,,
"Freeze1_lvl4",6,200,6800,6950,0,360,0,0,5,1000,,,10,,0,1000,,80,100,0,0,600,100,"sc/buildings.sc","frost_star_1","true",,,,"true",,,,,,,,
,,,,,,,,,,,,,,,,,,,,,,,,,"frost_star_2",,,,,,,,,,,,,
,,,,,,,,,,,,,,,,,,,,,,,,,"frost_star_3",,,,,,,,,,,,,
"Freeze2_lvl4",10,200,6500,6800,0,360,0,0,5,1200,,,10,,0,1000,,100,120,0,0,900,200,"sc/buildings.sc","frost_star_1","true",,,,"true",,,,,,,,
,,,,,,,,,,,,,,,,,,,,,,,,,"frost_star_2",,,,,,,,,,,,,
,,,,,,,,,,,,,,,,,,,,,,,,,"frost_star_3",,,,,,,,,,,,,
"Freeze3_lvl4",20,200,6200,6700,0,360,0,0,5,1300,,,10,,0,1000,,100,130,0,0,1200,270,"sc/buildings.sc","frost_star_1","true",,,,"true",,,,,,,,
,,,,,,,,,,,,,,,,,,,,,,,,,"frost_star_2",,,,,,,,,,,,,
,,,,,,,,,,,,,,,,,,,,,,,,,"frost_star_3",,,,,,,,,,,,,
"Freeze_glow_blue_lvl4",1,1,7000,7000,,,,,,,,,40,,,,,1400,800,,,1200,,"sc/buildings.sc","freeze_blue_glow",,,,,,,,,,,,,
"Freeze_range_marker_lvl4",4,4500,1200,2500,,,90,90,100,120,,,,,,,,100,90,,,4500,,"sc/buildings.sc","spell_range_marker","true",,,,"true",,,,,,,,
"Freeze_range_lvl4",1,33,7000,7000,,,,,,,,,12,,,,,100,80,,,1500,,"sc/buildings.sc","freeze_range",,,,,"true",,,,,,,,
"Freeze_dots1_lvl4",35,5400,1200,1400,0,360,33,75,33,55,,,-20,,-100,25,,20,3,-45,45,2000,175,"sc/buildings.sc","freeze_dotflake1",,,,,"true",,,,,,,,
,,,,,,,,,,,,,,,,,,,,-33,0,,,,"freeze_dotflake_anim2",,,,,,,,,,,,,
,,,,,,,,,,,,,,,,,,,,0,33,,,,"freeze_dotflake_anim3",,,,,,,,,,,,,
"Freeze_dots2_lvl4",25,1200,1000,1300,0,360,33,75,14,30,,,-33,,-100,33,,20,3,-45,45,2000,220,"sc/buildings.sc","freeze_dotflake1",,,,,"true",,,,,,,,
,,,,,,,,,,,,,,,,,,,,-33,0,,,,"freeze_dotflake_anim2",,,,,,,,,,,,,
,,,,,,,,,,,,,,,,,,,,0,33,,,,"freeze_dotflake_anim3",,,,,,,,,,,,,
"Freeze_dots3_lvl4",20,1200,800,1200,0,360,33,75,15,28,,,-50,,-100,38,,20,3,-45,45,200,300,"sc/buildings.sc","freeze_dotflake1",,,,,"true",,,,,,,,
,,,,,,,,,,,,,,,,,,,,-33,0,,,,"freeze_dotflake_anim2",,,,,,,,,,,,,
,,,,,,,,,,,,,,,,,,,,0,33,,,,"freeze_dotflake_anim3",,,,,,,,,,,,,
"Ice crystal_lvl4",12,1200,1200,6200,0,360,0,0,1,1500,,,0,,0,1500,,33,100,0,0,250,300,"sc/buildings.sc","blue_crystal1",,,,,"true",,,,,,,,
,,,,,,,,,,,,,,,,,,,,,,,,,"frost_crystal2",,,,,,,,,,,,,
"Freeze_dust_lvl4",5,1500,3500,4500,0,360,45,90,5,10,,,20,,-10,10,,10,200,100,300,3000,200,"sc/buildings.sc","Hit",,,,,"true",,,,,,,,
"Freeze_crystal_lvl4",32,200,6500,6800,0,360,0,0,5,1200,,,10,,0,1000,,100,120,0,0,900,200,"sc/buildings.sc","frost_crystal1","true",,,,"true",,,,,,,,
"Freeze1_lvl5",6,200,7800,7950,0,360,0,0,5,1000,,,10,,0,1000,,80,100,0,0,600,100,"sc/buildings.sc","frost_star_1","true",,,,"true",,,,,,,,
,,,,,,,,,,,,,,,,,,,,,,,,,"frost_star_2",,,,,,,,,,,,,
,,,,,,,,,,,,,,,,,,,,,,,,,"frost_star_3",,,,,,,,,,,,,
"Freeze2_lvl5",10,200,7500,7800,0,360,0,0,5,1200,,,10,,0,1000,,100,120,0,0,900,200,"sc/buildings.sc","frost_star_1","true",,,,"true",,,,,,,,
,,,,,,,,,,,,,,,,,,,,,,,,,"frost_star_2",,,,,,,,,,,,,
,,,,,,,,,,,,,,,,,,,,,,,,,"frost_star_3",,,,,,,,,,,,,
"Freeze3_lvl5",20,200,7200,7700,0,360,0,0,5,1300,,,10,,0,1000,,100,130,0,0,1200,270,"sc/buildings.sc","frost_star_1","true",,,,"true",,,,,,,,
,,,,,,,,,,,,,,,,,,,,,,,,,"frost_star_2",,,,,,,,,,,,,
,,,,,,,,,,,,,,,,,,,,,,,,,"frost_star_3",,,,,,,,,,,,,
"Freeze_glow_blue_lvl5",1,1,8000,8000,,,,,,,,,40,,,,,1400,800,,,1200,,"sc/buildings.sc","freeze_blue_glow",,,,,,,,,,,,,
"Freeze_range_marker_lvl5",4,5500,1200,2500,,,90,90,100,120,,,,,,,,100,90,,,4500,,"sc/buildings.sc","spell_range_marker","true",,,,"true",,,,,,,,
"Freeze_range_lvl5",1,33,8000,8000,,,,,,,,,12,,,,,100,80,,,1500,,"sc/buildings.sc","freeze_range",,,,,"true",,,,,,,,
"Freeze_dots1_lvl5",35,6400,1200,1400,0,360,33,75,33,55,,,-20,,-100,25,,20,3,-45,45,2000,175,"sc/buildings.sc","freeze_dotflake1",,,,,"true",,,,,,,,
,,,,,,,,,,,,,,,,,,,,-33,0,,,,"freeze_dotflake_anim2",,,,,,,,,,,,,
,,,,,,,,,,,,,,,,,,,,0,33,,,,"freeze_dotflake_anim3",,,,,,,,,,,,,
"Freeze_dots2_lvl5",25,1200,1000,1300,0,360,33,75,14,30,,,-33,,-100,33,,20,3,-45,45,2000,220,"sc/buildings.sc","freeze_dotflake1",,,,,"true",,,,,,,,
,,,,,,,,,,,,,,,,,,,,-33,0,,,,"freeze_dotflake_anim2",,,,,,,,,,,,,
,,,,,,,,,,,,,,,,,,,,0,33,,,,"freeze_dotflake_anim3",,,,,,,,,,,,,
"Freeze_dots3_lvl5",20,1200,800,1200,0,360,33,75,15,28,,,-50,,-100,38,,20,3,-45,45,200,300,"sc/buildings.sc","freeze_dotflake1",,,,,"true",,,,,,,,
,,,,,,,,,,,,,,,,,,,,-33,0,,,,"freeze_dotflake_anim2",,,,,,,,,,,,,
,,,,,,,,,,,,,,,,,,,,0,33,,,,"freeze_dotflake_anim3",,,,,,,,,,,,,
"Ice crystal_lvl5",12,1200,1200,7200,0,360,0,0,1,1500,,,0,,0,1500,,33,100,0,0,250,300,"sc/buildings.sc","blue_crystal1",,,,,"true",,,,,,,,
,,,,,,,,,,,,,,,,,,,,,,,,,"frost_crystal2",,,,,,,,,,,,,
"Freeze_dust_lvl5",5,1500,4500,5500,0,360,45,90,5,10,,,20,,-10,10,,10,200,100,300,3000,200,"sc/buildings.sc","Hit",,,,,"true",,,,,,,,
"Freeze_crystal_lvl5",32,200,7500,7800,0,360,0,0,5,1200,,,10,,0,1000,,100,120,0,0,900,200,"sc/buildings.sc","frost_crystal1","true",,,,"true",,,,,,,,
"freeze_bottleDrop",1,1,800,800,,,,,,,,,,,,,,100,100,,,,,"sc/buildings.sc","freeze_bottleDrop","true",,,,,,,,,,,,
"Spawn_Grass",5,100,300,500,0,360,20,90,125,300,,,-10,,1000,4,,60,20,-30,30,100,40,"sc/buildings.sc","g1","true",,,,,,,,,,,,
,,,,,,,,,,,,,,,,,,,,,,,,,"g2",,,,,,,,,,,,,
,,,,,,,,,,,,,,,,,,,,,,,,,"g3",,,,,,,,,,,,,
,,,,,,,,,,,,,,,,,,,,,,,,,"g4",,,,,,,,,,,,,
"Spawn_Rocks",5,70,500,750,0,360,20,90,130,750,,,-15,,3500,8,,200,30,-60,60,150,50,"sc/buildings.sc","debris3","true",,,"true",,,,,,,,,
,,,,,,,,,,,,,,,,,,,,,,,,,"debris1",,,,,,,,,,,,,
"Spawn_Dust",1,100,800,1200,360,360,60,90,75,100,,,,,0,33,,80,100,-20,30,800,,"sc/buildings.sc","d1","true",,,,,,600,,,,,,
,,,,,,,,,,,,,,,,,,,,,,,,,"d2",,,,,,,,,,,,,
"witch_trail_emitter",1,75,450,550,,,,,0,175,,,0,,-100,33,,50,220,-5,5,600,,"sc/buildings.sc","looping_witch_sparks1",,,"true",,"true",,600,,,,,,
"witch_attack_glow",1,1,200,200,,,,,,,,,,,,,,50,120,,,250,,"sc/buildings.sc","witch_attack_glow","true",,,,"true",,,,,,,,
"summon_crater_small",1,1,5500,6500,0,0,0,0,0,0,,,65,,0,0,,80,80,0,0,3000,,"sc/buildings.sc","bomb_crater","true",,,,,,,,,,,,
"witch_lightrays",4,330,1200,1500,0,360,0,0,600,800,,,33,,-700,300,,40,100,,,200,160,"sc/buildings.sc","skullfx","true",,,,"true",,,,,,,,
"witch_rings",1,150,300,300,,,,,1,10,,,,,,,,20,75,,,400,,"sc/buildings.sc","spell_range_marker_2","true",,,,"true",,,,,,,,
"witch_summon_area_glow",1,1,2500,2500,,,,,,,,,15,,,,,150,150,,,2000,,"sc/buildings.sc","witch_attack_glow","true",,,,"true",,,,,,,,
"witch_summon_area_edge",1,1,2500,2500,,,,,,,,,,,,,,90,90,,,3500,,"sc/buildings.sc","witch_summon_area_edge","true",,,,"true",100,1200,,,,,,
"wizard_lvl6_trail_emitter",1,75,450,550,,,,,0,175,,,0,,-100,33,,50,220,-5,5,600,5,"sc/buildings.sc","spark_flame",,,"true",,"true",,600,,,,,,
"mortar_lvl8_trail_emitter",2,75,450,550,,,,,1,2,,,-10,,,0,,400,100,-90,90,600,5,"sc/buildings.sc","spark_flame2",,,"true",,"true",100,600,,,,,,
"Lightning_area_halloween_effect1",2,200,900,1100,0,0,0,0,0,0,,,100,,-3000,50,,20,350,0,0,100,200,"sc/buildings.sc","bat_wind_1","true",,,,,,,,,,,,
"Lightning_area_halloween_effect2",4,300,900,1100,0,0,0,0,0,0,,,100,,-10000,50,,20,360,0,0,100,200,"sc/buildings.sc","bat_wind_2","true",,,,,,,,,,,,
"Lightning_area_halloween_effect3",6,400,900,1100,0,0,0,0,0,0,,,100,,-10000,50,,20,180,0,0,100,200,"sc/buildings.sc","bat_wind_3","true",,,,,,,,,,,,
"Lightning_area_halloween_effect4",8,500,900,1100,0,0,0,0,0,0,,,100,,-10000,50,,20,300,0,0,100,200,"sc/buildings.sc","bat_wind_1","true",,,,,,,,,,,,
"Lightning_area_halloween_effect5",10,600,900,1000,0,0,0,0,0,0,,,100,,-10000,50,,20,300,0,0,100,200,"sc/buildings.sc","bat_wind_3","true",,,,,,,,,,,,
"Ring_blue",1,,300,800,0,360,0,0,2000,3000,,,,,,100,,1,160,,,200,,"sc/buildings.sc","r1_blue","true",,,,,,,,,,,,
"Smoke_green",6,100,400,1500,0,360,45,90,4000,5000,,,,,,300,,100,240,-15,15,600,0,"sc/buildings.sc","s1_green","true",,,,,,,,,,,,
,,,,,,,,,,,,,,,,,,,,,,,,,"s2_green",,,,,,,,,,,,,
,,,,,,,,,,,,,,,,,,,,,,,,,"s3_green",,,,,,,,,,,,,
,,,,,,,,,,,,,,,,,,,,,,,,,"s4_green",,,,,,,,,,,,,
,,,,,,,,,,,,,,,,,,,,,,,,,"d3_green",,,,,,,,,,,,,
"Explosion_1_small_green",15,1,800,1200,0,360,10,10,300,750,,,-50,,-5,60,,60,140,-50,50,500,50,"sc/buildings.sc","d5_green","true",,,,,,,,,,,,
"explosion_blast_green",3,1,500,500,0,0,0,0,0,0,,,50,,0,0,,200,200,0,0,500,,"sc/buildings.sc","d4_green",,,,,"true",,,,,,,,
"Wizard_Tower_hit_green",1,10,600,750,0,360,0,0,1,1,,,0,,0,20,,20,120,10,-10,500,0,"sc/buildings.sc","wizard_tower_explosion_green","true",,,,,,,,,,,,
"Explosion_3_green",8,1,800,1200,,,80,100,200,1500,,,-25,,0,30,,70,100,0,30,500,1,"sc/buildings.sc","d5_green","true",,,,,,,,,,,,
"Super_Bomb_green",25,50,1000,1800,0,360,45,90,4000,5000,,,,,,300,,100,240,-15,15,600,150,"sc/buildings.sc","d3_green_dark","true",,,,,,,,,,,,
"LightningSky_halloween",3,1,300,300,0,360,90,90,1,1,,,4000,,,60,,1,100,0,30,300,80,"sc/buildings.sc","lightning_arc_spell_halloween","true",,,,"true",,,,,,,,
"batcloud",15,250,1500,1500,0,360,15,90,400,600,,,10,,,33,,50,15,-15,15,,100,"sc/buildings.sc","bat2_0",,,,,,100,800,,,,,,
"Trap Ready",1,300,500,1200,0,0,0,0,100,200,,,185,,0,100,,100,100,0,0,1,,"sc/buildings.sc","trap_repaired_fx","true",,,,,,,,,,,,
"TrapSmoke",3,500,1500,1700,800,,80,100,60,70,,,40,,0,0,,30,100,-120,120,400,1,"sc/buildings.sc","s3","true",,,,,300,500,,,,,,
,,,,,,,,,,,,,,,,,,,,,,,,,"s4",,,,,,,,,,,,,
"Gift Debris",33,100,300,1000,0,360,45,90,200,330,,,20,,300,,,100,5,-300,400,800,66,"sc/buildings.sc","gift_debris_1",,,,,,10,300,,,,,,
,,,,,,,,,,,,,,,,,,,,,,,,,"gift_debris_2",,,,,,,,,,,,,
"DarkRay_lvl3_1_light",1,999999,999999,999999,0,360,90,90,1,1,,,100,,,0,,100,100,0,30,64,80,"sc/buildings.sc","dbeam_lvl3_1_light","false",,,,,128,128,,,,,,
"DarkRay_lvl3_2_light",1,999999,999999,999999,0,360,90,90,1,1,,,100,,,0,,100,100,0,30,64,80,"sc/buildings.sc","dbeam_lvl3_2_light","false",,,,,128,128,,,,,,
"DarkRay_lvl3_3_light",1,999999,999999,999999,0,360,90,90,1,1,,,100,,,0,,100,100,0,30,64,80,"sc/buildings.sc","dbeam_lvl3_3_light","false",,,,,128,128,,,,,,
"Bonus_Gems",4,300,1000,1200,0,360,80,90,850,950,,,33,,1400,0,,100,10,-45,45,128,20,"sc/buildings.sc","gem_particle","false",,,"true",,60,128,,,,,,
"Gem_light_streaks",2,300,450,650,0,360,0,90,10,33,,,15,,-100,10,,100,20,-45,45,128,45,"sc/buildings.sc","bonus_gem_pickup_fx",,,,,"true",10,300,,,,,,
"rage_kingFlames",100,12000,650,1200,0,360,0,90,10,10,,,-75,,0,0,,130,130,0,0,330,330,"sc/buildings.sc","sharp_fire_1",,,,,"true",100,2400,,,,,,
"rage_rangeRing1King",1,1,12000,12000,,,,,,,,,,,,,,130,120,,,5000,,"sc/buildings.sc","rage_rangeRing1King","true",,,,"true",,,,,,,,
"queen_ability_fxlines1",3,20,300,650,0,360,0,90,60,120,,,10,,0,100,,100,10,0,0,330,30,"sc/buildings.sc","sharp_fire_line1","true",,,,"true",33,450,,,,,,
"queen_ability_glow",1,200,650,900,0,360,90,90,40,70,,,33,,0,0,,200,10,0,0,100,1,"sc/buildings.sc","queen_glowPurple",,,,,"true",,,,,,,,
"queen_spark_fx",4,250,650,2200,0,360,0,90,5,90,,,50,,0,,,100,100,-45,45,250,50,"sc/buildings.sc","queen_glowPurple_1",,,,,"true",,,,,,,,
"king_rangeRing3",1,1,13000,13000,,,,,,,,,3,,,,,190,169,,,3300,,"sc/buildings.sc","spell_range_marker_2","true",,,,"true",,,,,,,,
"king_glowPurple",1,1,13000,13000,,,,,,,,,40,,,,,1000,800,,,1000,,"sc/buildings.sc","rage_glowPurple","true",,,,"true",,,,,,,,
"king_rangeRingOutter",20,11000,900,1500,,,90,90,100,120,,,,,,,,135,50,,,4000,,"sc/buildings.sc","spell_range_marker","true",,,,"true",,,,,,,,
"totem_slow",1,1,180000,180000,,,,,,,,,3,,,,,190,169,,,40000,,"sc/buildings.sc","spell_range_marker_2","true",,,,"true",,,,,,,,
"EmberParticles",1,500,450,550,0,360,,,300,600,,,300,,-20,50,,50,220,-5,5,600,,"sc/buildings.sc","fireball1_projectile",,"true","true",,"true",,600,"true",,,,,
"Tiny Splat",1,1,300,500,0,360,0,0,0,10,,,80,,0,0,,30,40,10,-10,300,0,"sc/buildings.sc","hit_force_above","true",,,,,,,,,,,,
"Tiny Split 1",3,10,550,1250,0,360,0,0,5,25,,,3,,,,,100,5,,,350,5,"sc/buildings.sc","gen_p2",,,,,"true",,,,,,,,
"Tiny Split 2",1,10,200,330,0,360,0,0,10,10,,,3,,,,,500,75,,,100,,"sc/buildings.sc","gen_p2",,,,,"true",,,,,,,,
"Tiny_spit",12,10,300,500,-20,20,-20,20,100,600,,,0,,800,,,15,32,20,50,200,-20,"sc/buildings.sc","lava1","true",,"true",,,,,,,,,,
,,,,,,,,,,,,,,,,,,,,,,,,,"lava2",,,,,,,,,,,,,
,,,,,,,,,,,,,,,,,,,,,,,,,"lava3",,,,,,,,,,,,,
,,,,,,,,,,,,,,,,,,,,,,,,,"lava4",,,,,,,,,,,,,
,,,,,,,,,,,,,,,,,,,,,,,,,"lava5",,,,,,,,,,,,,
,,,,,,,,,,,,,,,,,,,,,,,,,"lava6",,,,,,,,,,,,,
,,,,,,,,,,,,,,,,,,,,,,,,,"lava7",,,,,,,,,,,,,
,,,,,,,,,,,,,,,,,,,,,,,,,"lava8",,,,,,,,,,,,,
,,,,,,,,,,,,,,,,,,,,,,,,,"lava9",,,,,,,,,,,,,
,,,,,,,,,,,,,,,,,,,,,,,,,"lava10",,,,,,,,,,,,,
"Tinymite_spit",12,10,300,500,-20,20,-20,20,100,600,,,125,,800,,,4,16,20,50,200,-20,"sc/buildings.sc","lava1","true",,"true",,,,,,,,,,
,,,,,,,,,,,,,,,,,,,,,,,,,"lava2",,,,,,,,,,,,,
,,,,,,,,,,,,,,,,,,,,,,,,,"lava3",,,,,,,,,,,,,
,,,,,,,,,,,,,,,,,,,,,,,,,"lava4",,,,,,,,,,,,,
,,,,,,,,,,,,,,,,,,,,,,,,,"lava5",,,,,,,,,,,,,
,,,,,,,,,,,,,,,,,,,,,,,,,"lava6",,,,,,,,,,,,,
,,,,,,,,,,,,,,,,,,,,,,,,,"lava7",,,,,,,,,,,,,
,,,,,,,,,,,,,,,,,,,,,,,,,"lava8",,,,,,,,,,,,,
,,,,,,,,,,,,,,,,,,,,,,,,,"lava9",,,,,,,,,,,,,
,,,,,,,,,,,,,,,,,,,,,,,,,"lava10",,,,,,,,,,,,,
"Fire_ballsBigTranslateUp",5,100,600,1000,0,360,0,90,400,1000,,,80,,1000,15,,12,5,0,90,1500,25,"sc/buildings.sc","fireball3b","true",,"true",,"true",,,,,,,,
,,,,,,,,,,,,,,,,,,,,,,,,,,,,,,,,,,,,,,
"presentOpen_sparkle",50,800,1000,8000,0,360,0,360,1,100,,,150,,200,40,,70,70,0,0,1000,80,"sc/buildings.sc","presentOpen_sparkle",,,,"true","true",400,800,,,,,,
,,,,,,,,,,,,,,,,,,,,,,,,,"presentOpen_sparkle",,,,,,,,,,,,,
,,,,,,,,,,,,,,,,,,,,,,,,,"presentOpen_sparkle",,,,,,,,,,,,,
,,,,,,,,,,,,,,,,,,,,,,,,,"presentOpen_sparkleB",,,,,,,,,,,,,
"presentOpen_sparkleRed",6,100,1000,1800,0,360,0,0,1,50,,,30,,-100,50,,600,100,-40,40,1000,20,"sc/buildings.sc","presentOpen_sparkleRed",,,,"true",,200,2000,,,,,,
"presentOpen_sparkleRedB",8,100,1000,1800,0,360,0,0,1,5,,,40,,-100,0,,300,100,-40,40,1000,40,"sc/buildings.sc","presentOpen_sparkleRed",,,,"true","true",200,2000,,,,,,
"presentOpen_rays",5,200,1000,3000,0,360,0,360,1,2,,,40,,0,0,,30,250,-180,180,1000,0,"sc/buildings.sc","presentOpen_rays",,,,"true",,100,1000,,,,,,
"Air_ring",2,20,3200,3200,0,360,0,360,1,1,,,0,,,100,,180,220,0,0,400,1,"sc/buildings.sc","isometric_soft_smokering1","true",,,,,350,100,,,,,,
"Air_ring_start",1,20,400,600,0,360,0,360,1,1,,,0,,,100,,33,220,0,0,300,1,"sc/buildings.sc","isometric_soft_smokering1",,,,,,10,300,,,,,,
"Air_ring2",1,20,2800,3200,0,360,0,360,1,1,,,0,,,100,,100,300,0,0,300,1,"sc/buildings.sc","isometric_soft_smoke1",,,,,,150,1200,,,,,,
"soft_smoke_trail",2,150,800,800,0,360,0,0,1,2,,,0,,-50,30,,33,90,-90,90,1800,10,"sc/buildings.sc","soft_smoke1",,,,,,200,200,,,,,,
"Air_blaster_hit_explo",8,100,500,1500,0,360,15,33,200,400,,,10,,400,10,,100,10,-90,90,10,30,"sc/buildings.sc","spark_flame2",,,,,"true",10,100,,,,,,
"Air_blaster_hit_explo_center",3,100,400,600,0,360,15,80,1,2,,,5,,0,0,,300,10,-90,90,10,30,"sc/buildings.sc","spark",,,,,"true",10,50,,,,,,
"Air_smoke_swirl",12,1200,600,1000,0,360,0,360,2,3,,,1,,0,0,,3,5,0,0,10,100,"sc/buildings.sc","smoke_swirl1","true","true",,,,,,,,,,,
,,,,,,,,,,,,,,,,,,,,,,,,,"smoke_swirl2",,,,,,,,,,,,,
,,,,,,,,,,,,,,,,,,,,,,,,,"smoke_swirl3",,,,,,,,,,,,,
"Air_blaster_test",1,10,3200,3200,0,0,0,0,200,200,,,100,,0,100,,100,100,0,0,10,100,"sc/buildings.sc","test_airmortar_fx","true","true","true",,,10,10,,,,,,
"wind_hit_particle",10,30,1200,2400,0,360,0,0,1,2,,,0,,0,0,,33,90,-90,90,1800,65,"sc/buildings.sc","soft_smoke1",,,,,,1,600,,,,,,
"wind_attack_particle",10,10,800,1500,0,360,0,0,10,20,,,100,,-100,200,,5,33,-180,180,1800,40,"sc/buildings.sc","soft_smoke1",,,,,,1,600,,,,,,
"Toxic_skull",16,16000,1000,1200,0,360,0,360,1,5,,,0,,-20,0,,20,80,0,0,800,210,"sc/buildings.sc","toxic_skull","true",,,,"true",5,100,,,,80,100,
"Toxic_swirl",60,14000,1000,1200,0,360,0,360,2,3,,,0,,-100,0,,1,100,0,0,1200,210,"sc/buildings.sc","toxic_swirl","true",,,,"true",5,100,,,,60,110,
"Toxic_glow",1,1,17000,17000,0,360,0,360,1,1,,,0,,0,0,,200,200,0,0,3000,1,"sc/buildings.sc","toxic_range_marker_3",,,,,,5,100,,,,,,
"Toxic_sparks",70,14000,400,800,0,360,0,50,30,200,,,0,,-200,30,,100,10,-90,90,330,210,"sc/buildings.sc","spark",,,,,"true",25,100,,,,70,120,
"Toxic_cloud",60,14000,3000,5000,0,360,0,1,80,100,,,-50,,-18,20,,150,220,0,0,800,70,"sc/buildings.sc","toxic_cloud_varA","true",,,,,5,100,"TRUE",,,70,130,
,,,,,,,,,,,,,,,,,,,,,,,,,"toxic_cloud_varB",,,,,,,,,,,,,
,,,,,,,,,,,,,,,,,,,,,,,,,"toxic_cloud_varC",,,,,,,,,,,,,
,,,,,,,,,,,,,,,,,,,,,,,,,"toxic_cloud_varD",,,,,,,,,,,,,
"Toxic_bubbles",40,16000,800,1500,0,360,0,0,1,1,,,0,,-3,5,,1,60,0,0,1,210,"sc/buildings.sc","toxic_bubble",,,,,"true",,,,,,,,
"Toxic_rangeRing1",1,1,17000,17000,,,,,,,,,,,,,,95,95,,,6000,,"sc/buildings.sc","toxic_rangeRing1","true",,,,"true",,,,,,,,
"Toxic_skull_halloween",10,3300,1800,2500,0,360,0,360,1,5,,,0,,-20,0,,20,80,0,0,800,210,"sc/buildings.sc","toxic_skull_halloween",,,,,,800,50,,,,130,180,
"Earthquake_dust",200,2800,1250,1400,0,360,0,360,1,2,,,100,,1200,120,,8,130,-45,45,500,220,"sc/buildings.sc","d1",,,,"true",,10,250,,,,90,130,
,,,,,,,,,,,,,,,,,,,,,,,,,"d2",,,,"true",,10,250,,,,,,
"Earthquake_crack",7,2000,300000,300000,0,360,0,0,1,1,,,0,,0,0,,100,100,0,0,2000,180,"sc/buildings.sc","earthquake_crack_var01",,,,,,,,,,,60,80,
,,,,,,,,,,,,,,,,,,,,,,,,,"earthquake_crack_var02",,,,,,,,,,,,,
,,,,,,,,,,,,,,,,,,,,,,,,,"earthquake_crack_var03",,,,,,,,,,,,,
,,,,,,,,,,,,,,,,,,,,,,,,,"earthquake_crack_var04",,,,,,,,,,,,,
,,,,,,,,,,,,,,,,,,,,,,,,,"earthquake_crack_var05",,,,,,,,,,,,,
"Earthquake_crackCenter",1,1,300000,300000,0,360,0,0,1,1,,,0,,0,22,,100,100,0,0,2000,1,"sc/buildings.sc","earthquake_crack_center",,,,,,,,,,,90,120,
"Earthquake_crackDarken",8,1,300000,300000,0,360,0,0,1,1,,,0,,0,22,,100,100,0,0,2000,40,"sc/buildings.sc","earthquake_crack_darken",,,,,,,,,,,30,120,
"Earthquake_rangeRing1",7,1400,800,900,,,,,,,,,,,,,,80,100,,,100,,"sc/buildings.sc","earthquake_rangeRing2","true",,,,,,,,,,80,130,
"Earthquake_rangeRing1_top",7,1400,800,900,,,,,,,,,,,,,,80,100,,,100,,"sc/buildings.sc","earthquake_rangeRing2","true",,,,"true",,,,,,80,130,
"Earthquake_debrisSide",50,2000,1200,1400,0,360,0,40,200,1300,,,25,,1500,20,,40,4,-90,90,200,200,"sc/buildings.sc","dark_p1",,,,"true",,10,33,,,,,,
"Earthquake_debris",60,2800,1200,1400,0,360,0,360,3,4,,,33,,1500,20,,50,4,-90,90,200,200,"sc/buildings.sc","dark_p1",,,,"true",,10,33,,,,,,
"Earthquake_stone",60,2500,1000,2200,0,360,5,90,400,1200,,,0,,4000,10,,100,10,20,90,800,200,"sc/buildings.sc","smallStone_A","true",,,"true",,,,,,,70,100,
,,,,,,,,,,,,,,,,,,,,,,,,,"smallStone_B",,,,,,,,,,,,,
,,,,,,,,,,,,,,,,,,,,,,,,,"smallStone_C",,,,,,,,,,,,,
"Earthquake_stoneStatic",50,2500,300000,300000,0,360,0,10,100,1000,,,0,,1000,10,,100,100,,,800,80,"sc/buildings.sc","smallStone_A",,,,"true",,,,,-10,10,30,65,
,,,,,,,,,,,,,,,,,,,,,,,,,"smallStone_B",,,,,,,,,,,,,
,,,,,,,,,,,,,,,,,,,,,,,,,"smallStone_C",,,,,,,,,,,,,
"Earthquake_bottleDrop",1,1,800,800,,,,,,,,,,,,,,100,100,,,,,"sc/buildings.sc","EarthQuake_bottleDrop","true",,,,,,,,,,,,
"toxic_bottleDrop",1,1,800,800,,,,,,,,,,,,,,100,100,,,,,"sc/buildings.sc","toxic_bottleDrop","true",,,,,,,,,,,,
"toxic_bottleDrop_halloween",1,1,800,800,,,,,,,,,,,,,,100,100,,,,,"sc/buildings.sc","toxic_bottleDrop_halloween","true",,,,,,,,,,,,
"speedup_bottleDrop",1,1,800,800,,,,,,,,,,,,,,100,100,,,,,"sc/buildings.sc","speedup_bottleDrop","true",,,,,,,,,,,,
,,,,,,,,,,,,,,,,,,,,,,,,,,,,,,,,,,,,,,
"dragonFire",30,600,1300,2800,-8,8,-23,-17,250,1200,,,180,,-90,15,,80,160,-240,240,400,180,"sc/buildings.sc","dragon_fireball_varA","true","true","true","true",,,,,,,85,115,
,,,,,,,,,,,,,,,,,,,,,,,,,"dragon_fireball_varB",,,,,,,,,,,,,
,,,,,,,,,,,,,,,,,,,,,,,,,"dragon_fireball_varC",,,,,,,,,,,,,
,,,,,,,,,,,,,,,,,,,,,,,,,,,,,,,,,,,,,,
"dragonFireAdd",20,600,1300,2800,-8,8,-23,-17,250,1200,,,180,,-100,15,,60,130,-240,240,400,180,"sc/buildings.sc","dragon_fireball_varA","true","true","true","true","true",,,,,,,,
,,,,,,,,,,,,,,,,,,,,,,,,,"dragon_fireball_varB",,,,,,,,,,,,,
,,,,,,,,,,,,,,,,,,,,,,,,,"dragon_fireball_varC",,,,,,,,,,,,,
,,,,,,,,,,,,,,,,,,,,,,,,,"dragon_fireball_varC",,,,,,,,,,,,,
"dragonFireAddStart",80,600,300,600,-8,8,-23,-17,600,2000,,,180,,-100,15,,60,130,-240,240,400,180,"sc/buildings.sc","dragon_fireball_varC","true","true","true","true","true",,,,,,,,
"dragonSpark",5,500,1200,2500,-12,12,-30,-30,400,3000,,,220,,-250,20,,20,90,90,90,1200,130,"sc/buildings.sc","firez5","true","true","true","true","true",,,,,,70,130,
"dragonFireBurnt",2,600,14000,19000,-12,12,-23,-17,15000,15000,,,180,,0,90,,200,200,0,1,2000,180,"sc/buildings.sc","dragon_smoke","true","true","true","true",,,,,,,,,
,,,,,,,,,,,,,,,,,,,,,,,,,,,,,,,,,,,,,,
"Speedup_deploy_range_high_lvl1",5,8500,3000,4000,,,,,,,,,0,,0,,,178,178,,,7000,,"sc/buildings.sc","speedup_range_marker_vert",,,,"true","true",100,,,,,96,106,
"Speedup_deploy_range_low_lvl1",2,1,10500,10500,,,,,,,,,0,,0,20,,178,178,,,500,,"sc/buildings.sc","speedup_range_marker_2","true",,,"true","true",100,,,,,,,
"Speedup_deploy_range_anim_lvl1",2,100,500,1200,,,,,,,,,,,,,,10,178,,,800,,"sc/buildings.sc","speedup_range_marker_2","true",,,"true","true",50,,,,,,,
"Speedup_deploy_range_glow_lvl1",1,1,10500,10500,,,,,,,,,,,,,,222,222,,,1500,,"sc/buildings.sc","speedup_range_marker_3","true",,,"true","true",,,,,,,,
"Speedup_circleLines_lvl1",10,9500,2000,2000,0,360,0,0,0,0,,,0,,,0,,100,100,,,250,1,"sc/buildings.sc","speedup_circleLine_varA","true","true","true",,"true",10,30,,-180,180,120,145,
,,,,,,,,,,,,,,,,,,,,,,,,,"speedup_circleLine_varB",,,,,,,,,,,,,
,,,,,,,,,,,,,,,,,,,,,,,,,"speedup_circleLine_varC",,,,,,,,,,,,,
"Speedup_circleLinesTop_lvl1",13,8500,2000,2000,0,360,0,360,0,0,,,100,,-80,0,,100,100,,,250,1,"sc/buildings.sc","speedup_circleLine_varB","true","true","true",,"true",10,30,,-180,180,90,111,
,,,,,,,,,,,,,,,,,,,,,,,,,"speedup_circleLine_varC",,,,,,,,,,,,,
,,,,,,,,,,,,,,,,,,,,,,,,,"speedup_circleLine_varA",,,,,,,,,,,,,
"Speedup_sparks_lvl1",100,9500,1500,1500,0,360,0,1,1,1,,,0,,-700,80,,110,70,,,700,400,"sc/buildings.sc","spark_dark","true","true","true",,"true",500,30,,-180,180,20,40,
,,,,,,,,,,,,,,,,,,,,,,,,,,,,,,,,,,,,,,
"Speedup_deploy_range_high_lvl2",8,13000,3000,4000,,,,,,,,,0,,0,,,178,178,,,7000,,"sc/buildings.sc","speedup_range_marker_vert",,,,"true","true",100,,,,,96,106,
"Speedup_deploy_range_low_lvl2",2,1,15000,15000,,,,,,,,,0,,0,20,,178,178,,,500,,"sc/buildings.sc","speedup_range_marker_2","true",,,"true","true",100,,,,,,,
"Speedup_deploy_range_anim_lvl2",4,110,500,1200,,,,,,,,,,,,,,10,178,,,800,,"sc/buildings.sc","speedup_range_marker_2","true",,,"true","true",50,,,,,,,
"Speedup_deploy_range_glow_lvl2",1,1,15500,15500,,,,,,,,,,,,,,222,222,,,1500,,"sc/buildings.sc","speedup_range_marker_3","true",,,"true","true",,,,,,,,
"Speedup_circleLines_lvl2",15,14500,2000,2000,0,360,0,0,0,0,,,0,,,0,,100,100,,,250,1,"sc/buildings.sc","speedup_circleLine_varA","true","true","true",,"true",10,30,,-180,180,120,145,
,,,,,,,,,,,,,,,,,,,,,,,,,"speedup_circleLine_varB",,,,,,,,,,,,,
,,,,,,,,,,,,,,,,,,,,,,,,,"speedup_circleLine_varC",,,,,,,,,,,,,
"Speedup_circleLinesTop_lvl2",19,13500,2000,2000,0,360,0,360,0,0,,,100,,-80,0,,100,100,,,250,1,"sc/buildings.sc","speedup_circleLine_varB","true","true","true",,"true",10,30,,-180,180,90,111,
,,,,,,,,,,,,,,,,,,,,,,,,,"speedup_circleLine_varC",,,,,,,,,,,,,
,,,,,,,,,,,,,,,,,,,,,,,,,"speedup_circleLine_varA",,,,,,,,,,,,,
"Speedup_sparks_lvl2",150,14500,1500,1500,0,360,0,1,1,1,,,0,,-700,80,,70,70,,,700,400,"sc/buildings.sc","spark_dark","true","true","true",,"true",500,30,,-180,180,20,40,
,,,,,,,,,,,,,,,,,,,,,,,,,,,,,,,,,,,,,,
"Speedup_deploy_range_high_lvl3",12,18500,3000,4000,,,,,,,,,0,,0,,,178,178,,,7000,,"sc/buildings.sc","speedup_range_marker_vert",,,,"true","true",100,,,,,96,106,
"Speedup_deploy_range_low_lvl3",2,1,20000,20000,,,,,,,,,0,,0,20,,178,178,,,500,,"sc/buildings.sc","speedup_range_marker_2","true",,,"true","true",100,,,,,,,
"Speedup_deploy_range_anim_lvl3",6,120,500,1200,,,,,,,,,,,,,,10,178,,,800,,"sc/buildings.sc","speedup_range_marker_2","true",,,"true","true",50,,,,,,,
"Speedup_deploy_range_glow_lvl3",1,1,21000,21000,,,,,,,,,,,,,,222,222,,,1500,,"sc/buildings.sc","speedup_range_marker_3","true",,,"true","true",,,,,,,,
"Speedup_circleLines_lvl3",20,20000,2000,2000,0,360,0,0,0,0,,,0,,,0,,100,100,,,250,1,"sc/buildings.sc","speedup_circleLine_varA","true","true","true",,"true",10,30,,-180,180,120,145,
,,,,,,,,,,,,,,,,,,,,,,,,,"speedup_circleLine_varB",,,,,,,,,,,,,
,,,,,,,,,,,,,,,,,,,,,,,,,"speedup_circleLine_varC",,,,,,,,,,,,,
"Speedup_circleLinesTop_lvl3",26,17000,2000,2000,0,360,0,360,0,0,,,100,,-80,0,,100,100,,,250,1,"sc/buildings.sc","speedup_circleLine_varB","true","true","true",,"true",10,30,,-180,180,90,111,
,,,,,,,,,,,,,,,,,,,,,,,,,"speedup_circleLine_varC",,,,,,,,,,,,,
,,,,,,,,,,,,,,,,,,,,,,,,,"speedup_circleLine_varA",,,,,,,,,,,,,
"Speedup_sparks_lvl3",200,20000,1500,1500,0,360,0,1,1,1,,,0,,-700,80,,110,70,,,700,400,"sc/buildings.sc","spark_dark","true","true","true",,"true",500,30,,-180,180,20,40,
,,,,,,,,,,,,,,,,,,,,,,,,,,,,,,,,,,,,,,
"Speedup_deploy_range_high_lvl4",15,23000,3000,4000,,,,,,,,,0,,0,,,178,178,,,7000,,"sc/buildings.sc","speedup_range_marker_vert",,,,"true","true",100,,,,,96,106,
"Speedup_deploy_range_low_lvl4",2,1,25500,25500,,,,,,,,,0,,0,20,,178,178,,,500,,"sc/buildings.sc","speedup_range_marker_2","true",,,"true","true",100,,,,,,,
"Speedup_deploy_range_anim_lvl4",8,150,500,1200,,,,,,,,,,,,,,10,178,,,800,,"sc/buildings.sc","speedup_range_marker_2","true",,,"true","true",50,,,,,,,
"Speedup_deploy_range_glow_lvl4",1,1,25500,25500,,,,,,,,,,,,,,222,222,,,1500,,"sc/buildings.sc","speedup_range_marker_3","true",,,"true","true",,,,,,,,
"Speedup_circleLines_lvl4",25,24500,2000,2000,0,360,0,0,0,0,,,0,,,0,,100,100,,,250,1,"sc/buildings.sc","speedup_circleLine_varA","true","true","true",,"true",10,30,,-180,180,120,145,
,,,,,,,,,,,,,,,,,,,,,,,,,"speedup_circleLine_varB",,,,,,,,,,,,,
,,,,,,,,,,,,,,,,,,,,,,,,,"speedup_circleLine_varC",,,,,,,,,,,,,
"Speedup_circleLinesTop_lvl4",30,22500,2000,2000,0,360,0,360,0,0,,,100,,-80,0,,100,100,,,250,1,"sc/buildings.sc","speedup_circleLine_varB","true","true","true",,"true",10,30,,-180,180,90,111,
,,,,,,,,,,,,,,,,,,,,,,,,,"speedup_circleLine_varC",,,,,,,,,,,,,
,,,,,,,,,,,,,,,,,,,,,,,,,"speedup_circleLine_varA",,,,,,,,,,,,,
"Speedup_sparks_lvl4",250,24500,1500,1500,0,360,0,1,1,1,,,0,,-700,80,,110,70,,,700,400,"sc/buildings.sc","spark_dark","true","true","true",,"true",500,30,,-180,180,20,40,
"growth_aura_glow",1,1041,1041,1041,,,,,,,,,0,,,,,54,54,,,,,"sc/buildings.sc","growth_aura_marker_3","FALSE",,,,"true",,,,,,,,
"growth_aura_ring",1,2083,2083,2083,,,,,,,,,,,,,,36,36,,,,,"sc/buildings.sc","growth_range_marker_2","FALSE",,,,"FALSE",,,,,,,,
"enemy_growth_aura_glow",1,1041,1041,1041,,,,,,,,,0,,,,,54,54,,,,,"sc/buildings.sc","growth_aura_marker_3","FALSE",,,,"true",,,,,,,,50
"enemy_growth_aura_ring",1,2083,2083,2083,,,,,,,,,,,,,,36,36,,,,,"sc/buildings.sc","growth_range_marker_2","FALSE",,,,"FALSE",,,,,,,,50
"CauldronSplat",8,1,300,600,0,360,0,0,50,100,,,60,,100,0,,50,100,10,-10,400,10,"sc/buildings.sc","eli3","true",,,,,,,,,,,,
,,,,,,,,,,,,,,,,,,,,,,,,,"eli4",,,,,,,,,,,,,
,,,,,,,,,,,,,,,,,,,,,,,,,"eli3",,,,,,,,,,,,,
,,,,,,,,,,,,,,,,,,,,,,,,,"splat2",,,,,,,,,,,,,
"doom_crater",1,,17000,17000,0,360,0,0,0,0,,,,,,100,,100,100,,,,,"sc/buildings.sc","doom_crater_lvl1","true",,,,,,,,,,,,
"doom_blast_top",1,,2083,2083,0,360,0,0,0,0,,,,,,100,,100,100,,,,,"sc/buildings.sc","doom_blast_top","true",,,,,,,,,,,,
"grandwarden_shield1",1,,3333,3333,,,,,,,,,,,,,,24,24,,,,,"sc/buildings.sc","elder_shield_field1","true",,,,,,,,,,,,
"grandwarden_shield2",1,,3333,3333,,,,,,,,,,,,,,34,34,,,,,"sc/buildings.sc","elder_rangeRing1","true",,,,,,,,,,,,
"doom_trail_emitter",2,35,300,600,,360,,,1,2,,,0,,600,25,,60,25,0,0,500,4,"sc/buildings.sc","doom_trail_lvl1","FALSE","FALSE","FALSE","TRUE","FALSE",100,500,"TRUE",85,95,120,150,
"grandwarden_hit",1,13,200,200,0,,,,0,0,,,100,50,,60,,100,100,,,30,0,"sc/buildings.sc","elder_staff_blast_lvl1","true",,,,"FALSE",,,,,,,,
"grandwarden_hit_air",1,13,200,200,0,,,,0,0,,,170,50,,60,,100,100,,,30,0,"sc/buildings.sc","elder_staff_blast_lvl1","true",,,,"FALSE",,,,,,,,
"grandwarden_statue_hit",1,13,200,200,,,,,,,,-120,200,50,,60,,100,100,,,30,30,"sc/buildings.sc","elderbeam_statue_lvl1","true",,,,"FALSE",,,,,,,,
"Steal Gold Mid",5,100,300,1300,0,360,80,90,1200,1700,,,,,2400,,,50,80,-180,180,200,,"sc/buildings.sc","coin2",,,,"true",,,,,,,,,
"Steal Elixir Mid",15,200,500,1200,0,360,80,90,1500,1500,,,,,2400,,,50,110,-45,45,300,,"sc/buildings.sc","eli1","true",,,,,,,,,,,,
,,,,,,,,,,,,,,,,,,,,,,,,,"eli2",,,,,,,,,,,,,
,,,,,,,,,,,,,,,,,,,,,,,,,"eli3",,,,,,,,,,,,,
,,,,,,,,,,,,,,,,,,,,,,,,,"eli4",,,,,,,,,,,,,
,,,,,,,,,,,,,,,,,,,,,,,,,"eli5",,,,,,,,,,,,,
,,,,,,,,,,,,,,,,,,,,,,,,,"eli6",,,,,,,,,,,,,
,,,,,,,,,,,,,,,,,,,,,,,,,"eli7",,,,,,,,,,,,,
,,,,,,,,,,,,,,,,,,,,,,,,,"eli8",,,,,,,,,,,,,
,,,,,,,,,,,,,,,,,,,,,,,,,"eli9",,,,,,,,,,,,,
,,,,,,,,,,,,,,,,,,,,,,,,,"eli10",,,,,,,,,,,,,
"Steal Dark Elixir Mid",8,200,500,1200,360,360,80,90,1500,1500,,,,,2400,,,50,110,-45,45,300,,"sc/buildings.sc","deli1","true",,,,,,,,,,,,
,,,,,,,,,,,,,,,,,,,,,,,,,"deli2",,,,,,,,,,,,,
,,,,,,,,,,,,,,,,,,,,,,,,,"deli3",,,,,,,,,,,,,
,,,,,,,,,,,,,,,,,,,,,,,,,"deli4",,,,,,,,,,,,,
,,,,,,,,,,,,,,,,,,,,,,,,,"deli5",,,,,,,,,,,,,
,,,,,,,,,,,,,,,,,,,,,,,,,"deli6",,,,,,,,,,,,,
,,,,,,,,,,,,,,,,,,,,,,,,,"deli7",,,,,,,,,,,,,
,,,,,,,,,,,,,,,,,,,,,,,,,"deli8",,,,,,,,,,,,,
,,,,,,,,,,,,,,,,,,,,,,,,,"deli9",,,,,,,,,,,,,
,,,,,,,,,,,,,,,,,,,,,,,,,"deli10",,,,,,,,,,,,,
"Steal Gold Big",10,100,300,1300,0,360,80,90,1200,1700,,,,,2400,,,50,80,-180,180,200,,"sc/buildings.sc","coin2",,,,"true",,,,,,,,,
"Steal Elixir Big",20,200,500,1200,0,360,80,90,1500,1500,,,,,2400,,,50,110,-45,45,300,,"sc/buildings.sc","eli1","true",,,,,,,,,,,,
,,,,,,,,,,,,,,,,,,,,,,,,,"eli2",,,,,,,,,,,,,
,,,,,,,,,,,,,,,,,,,,,,,,,"eli3",,,,,,,,,,,,,
,,,,,,,,,,,,,,,,,,,,,,,,,"eli4",,,,,,,,,,,,,
,,,,,,,,,,,,,,,,,,,,,,,,,"eli5",,,,,,,,,,,,,
,,,,,,,,,,,,,,,,,,,,,,,,,"eli6",,,,,,,,,,,,,
,,,,,,,,,,,,,,,,,,,,,,,,,"eli7",,,,,,,,,,,,,
,,,,,,,,,,,,,,,,,,,,,,,,,"eli8",,,,,,,,,,,,,
,,,,,,,,,,,,,,,,,,,,,,,,,"eli9",,,,,,,,,,,,,
,,,,,,,,,,,,,,,,,,,,,,,,,"eli10",,,,,,,,,,,,,
"Steal Dark Elixir Big",10,200,500,1200,360,360,80,90,1500,1500,,,,,2400,,,50,110,-45,45,300,,"sc/buildings.sc","deli1","true",,,,,,,,,,,,
,,,,,,,,,,,,,,,,,,,,,,,,,"deli2",,,,,,,,,,,,,
,,,,,,,,,,,,,,,,,,,,,,,,,"deli3",,,,,,,,,,,,,
,,,,,,,,,,,,,,,,,,,,,,,,,"deli4",,,,,,,,,,,,,
,,,,,,,,,,,,,,,,,,,,,,,,,"deli5",,,,,,,,,,,,,
,,,,,,,,,,,,,,,,,,,,,,,,,"deli6",,,,,,,,,,,,,
,,,,,,,,,,,,,,,,,,,,,,,,,"deli7",,,,,,,,,,,,,
,,,,,,,,,,,,,,,,,,,,,,,,,"deli8",,,,,,,,,,,,,
,,,,,,,,,,,,,,,,,,,,,,,,,"deli9",,,,,,,,,,,,,
,,,,,,,,,,,,,,,,,,,,,,,,,"deli10",,,,,,,,,,,,,
"ArtilleryHit_mushcloud",20,100,1200,2000,0,360,45,90,4000,5000,,,,,-800,300,,100,240,-15,15,600,0,"sc/buildings.sc","s1","true",,,,,,,,,,,,
,20,1,1200,2000,0,360,10,10,300,750,,,-50,,-5,60,,80,180,-50,50,800,50,"sc/buildings.sc","d5","true",,,,,,,,,,,,
,10,1,1800,2700,0,360,10,10,80,150,,,-40,,-8,50,,100,180,-30,30,600,30,"sc/buildings.sc","d4","true",,,,,,,,,,,,
"ArtilleryHit_spark",10,1000,800,1500,0,360,-45,-45,100,200,80,,-50,,600,10,,200,50,-5,5,600,100,"sc/buildings.sc","spark_flame",,,"true","true","true",,600,,,,,,
"ArtilleryHit_dustring",15,1,400,800,0,360,10,10,300,750,,,-50,,-5,60,,40,100,-50,50,500,50,"sc/buildings.sc","d5","true",,,,,,,,,,,,
"Tombstone_loot",25,300,1000,1200,0,360,80,90,850,950,,,33,,2400,0,,50,110,-45,45,300,,"sc/buildings.sc","eli1","true",,,,,,,,,,,,
,,,,,,,,,,,,,,,,,,,,,,,,,"eli2",,,,,,,,,,,,,
,,,,,,,,,,,,,,,,,,,,,,,,,"eli3",,,,,,,,,,,,,
,,,,,,,,,,,,,,,,,,,,,,,,,"eli4",,,,,,,,,,,,,
,,,,,,,,,,,,,,,,,,,,,,,,,"eli5",,,,,,,,,,,,,
,,,,,,,,,,,,,,,,,,,,,,,,,"eli6",,,,,,,,,,,,,
,,,,,,,,,,,,,,,,,,,,,,,,,"coin2",,,,,,,,,,,,,
,,,,,,,,,,,,,,,,,,,,,,,,,"coin2",,,,,,,,,,,,,
,,,,,,,,,,,,,,,,,,,,,,,,,"coin2",,,,,,,,,,,,,
,,,,,,,,,,,,,,,,,,,,,,,,,"coin2",,,,,,,,,,,,,
"Air_bomb_area",1,100,1000,1041,,,,,1,10,,,100,,,100,,350,360,,,1041,,"sc/buildings.sc","damage_radius_bomb","true",,,,"true",,,,,,,,80
"Small_ground_bomb_area",1,100,1000,1041,,,,,1,10,,,,,,100,,300,310,,,1041,,"sc/buildings.sc","damage_radius_bomb","true",,,,"true",,,,,,,,80
"Super_ground_bomb_area",3,100,1000,1041,,,,,1,10,,,,,,100,,300,310,,,1041,,"sc/buildings.sc","damage_radius_bomb","true",,,,"true",,,,,,,,90
"ZapWizardLightning",1,1,380,420,0,360,90,90,1,1,,,0,,,60,,1,100,0,30,150,25,"sc/buildings.sc","lightning_beam_1","true",,,,"FALSE",,,,,,,,
,,,300,500,,,,,,,,,,,,,,,,,,,,,"lightning_beam_2",,,,,"FALSE",,,,,,,,
,,,290,650,,,,,,,,,,,,,,,,,,,,,"lightning_beam_3",,,,,"FALSE",,,,,,,,
"rocketeerFire",15,300,250,400,-8,8,-140,-136,250,1200,,,180,,-90,15,,80,100,-240,240,200,180,"sc/buildings.sc","dragon_fireball_varA","true","true","true","true",,,,,,,85,115,
,,,,,,,,,,,,,,,,,,,,,,,,,"dragon_fireball_varB",,,,,,,,,,,,,
,,,,,,,,,,,,,,,,,,,,,,,,,"dragon_fireball_varC",,,,,,,,,,,,,
,,,,,,,,,,,,,,,,,,,,,,,,,,,,,,,,,,,,,,
"rocketeerFireAdd",10,300,250,400,-8,8,-140,-136,250,1200,,,180,,-100,15,,60,90,-240,240,200,180,"sc/buildings.sc","dragon_fireball_varA","true","true","true","true","true",,,,,,,,
,,,,,,,,,,,,,,,,,,,,,,,,,"dragon_fireball_varB",,,,,,,,,,,,,
,,,,,,,,,,,,,,,,,,,,,,,,,"dragon_fireball_varC",,,,,,,,,,,,,
,,,,,,,,,,,,,,,,,,,,,,,,,"dragon_fireball_varC",,,,,,,,,,,,,
"rocketeerFireAddStart",40,300,300,400,-8,8,-140,-136,600,2000,,,180,,-100,15,,60,90,-240,240,200,180,"sc/buildings.sc","dragon_fireball_varC","true","true","true","true","true",,,,,,,,
"rocketeerSpark",5,500,500,1000,-12,12,-140,-136,400,3000,,,160,,-250,20,,20,90,90,90,600,130,"sc/buildings.sc","firez5","true","true","true","true","true",,,,,,70,130,
"trollBoulderHit_dust_emitter_lvl1",5,10,700,1000,0,360,0,0,400,700,,,,,0,,1100,,,,,,0,"sc/buildings.sc","trollBoulder_dust_A_lvl1","true","true",,,,,,,0,0,80,130,
"trollBoulderHit_dust_emitter_lvl2",5,10,700,1000,0,360,0,0,400,700,,,,,0,,1100,,,,,,0,"sc/buildings.sc","trollBoulder_dust_A_lvl2","true","true",,,,,,,0,0,80,130,
,,,,,,,,,,,,,,,,,,,,,,,,,,,,,,,,,,,,,,
"trollBoulderHit_emitter",7,10,600,1300,0,360,0,60,300,1100,,,,,2000,0,500,100,100,-100,100,200,15,"sc/buildings.sc","trollBoulder_piece_A",,,,"TRUE",,,,,-180,180,30,60,
,,,,,,,,,,,,,,,,,,,,,,,,,"trollBoulder_piece_B",,,,,,,,,,,,,
,,,,,,,,,,,,,,,,,,,,,,,,,"trollBoulder_piece_C",,,,,,,,,,,,,
,,,,,,,,,,,,,,,,,,,,,,,,,"trollBoulder_piece_D",,,,,,,,,,,,,
"trollBoulder_dust_emitter_lvl1",4,100,200,500,0,360,-90,90,50,100,,,,,0,0,1000,,,,,400,20,"sc/buildings.sc","trollBoulder_dust_trail_lvl1","true",,,,,,,,-180,180,80,120,
"trollBoulder_destroyed_emitter",8,1,600,1300,0,360,0,60,200,700,,,,,2000,0,500,100,100,-20,20,200,0,"sc/buildings.sc","trollBoulder_piece_wShadow_A",,,,"TRUE",,,,,-20,20,50,80,
,,,,,,,,,,,,,,,,,,,,,,,,,"trollBoulder_piece_wShadow_B",,,,,,,,,,,,,
,,,,,,,,,,,,,,,,,,,,,,,,,"trollBoulder_piece_wShadow_C",,,,,,,,,,,,,
"trollBoulderHit_radius_emitter",1,1,300,300,,,,,0,0,,,0,,,,,30,42,,,300,15,"sc/buildings.sc","damage_radius_boulder","true",,,,"true",,,,,,,,90
,,,,,,,,,,,,,,,,,,,,,,,,,,,,,,,,,,,,,,
"trollBoulder_dust_emitter_lvl2",4,100,200,500,0,360,-90,90,50,100,,,,,0,0,1000,,,,,400,20,"sc/buildings.sc","trollBoulder_dust_trail_lvl2","true",,,,,,,,-180,180,80,120,
